texto,rotulo,texto_limpo
"Tenho fé em Deus e confiança em nossa organização para afirmar com muita certeza: nosso reencontro virá. E o Brasil poderá sonhar novamente com futuro melhor para todos. Muito obrigado, e vamos à luta, companheiros e companheiras. Um abraço do Lula!",esquerda,fé deus confiança organização afirmar muita certeza reencontro virá brasil poderá sonhar novamente futuro melhor todos obrigado vamos luta companheiros companheiras abraço lula
"Foi para entregar nossas riquezas e reverter as conquistas sociais. Que os comitês Lula Livre tenham isso bem claro e atuem cada vez mais na sociedade, nas redes, nas escolas e nas ruas.",esquerda,entregar riquezas reverter conquistas sociais comitês lula livre bem claro atuem cada vez sociedade redes escolas ruas
"E só vamos alcançar esses objetivos defendendo os direitos do povo e a soberania nacional, porque foi contra estes valores que fizeram o golpe e interferiram na eleição.",esquerda,vamos alcançar objetivos defendendo direitos povo soberania nacional porque contra valores fizeram golpe interferiram eleição
"Mais do que manifestar indignação, quero dizer que o tempo está revelando a verdade. Que não podemos perder a esperança de que a verdade vencerá, e ela está do nosso lado. Por isso, peço a cada um que fortaleçam cada vez mais a nossa luta pela democracia e pela justiça.",esquerda,manifestar indignação quero dizer tempo revelando verdade podemos perder esperança verdade vencerá lado peço cada fortaleçam cada vez luta democracia justiça
"Não se trata de convicções, mas de provas concretas: documentos assinados, atos de ofício de autoridades públicas. Estes moralistas sem moral ocupam hoje altos cargos no governo que só foi eleito porque eles impediram minha candidatura.",esquerda,trata convicções provas concretas documentos assinados atos ofício autoridades públicas moralistas moral ocupam hoje altos cargos governo eleito porque impediram candidatura
"Minha candidatura era a resposta do povo ao entreguismo, ao abandono dos programas sociais, ao desemprego, à volta da fome, a todo o mal implantado pelo golpe do impeachment. É uma luta que temos de levar juntos, em nome de todos.",esquerda,candidatura resposta povo entreguismo abandono programas sociais desemprego volta fome todo mal implantado golpe impeachment luta levar juntos nome todos
"A luta que faço para ter um julgamento justo, em que minha inocência seja reconhecida diante das provas irrefutáveis, só faz sentido se for compreendida como parte da defesa da democracia, da retomada do estado de direito e do projeto de desenvolvimento com inclusão social.",esquerda,luta faço ter julgamento justo inocência reconhecida diante provas irrefutáveis faz sentido compreendida parte defesa democracia retomada estado direito projeto desenvolvimento inclusão social
"Como sempre fiz em minha vida, e lá se vão mais de 45 anos de atividade sindical e política, encaro essa missão como um desafio coletivo.",esquerda,sempre fiz vida lá vão anos atividade sindical política encaro missão desafio coletivo
"Mas resisto principalmente porque sei que ainda tenho uma missão importante a cumprir neste momento em que a democracia, a soberania nacional e os direitos do povo brasileiro são ameaçados por interesses econômicos e políticos poderosos, inclusive de potências estrangeiras.",esquerda,resisto principalmente porque sei ainda missão importante cumprir neste momento democracia soberania nacional direitos povo brasileiro ameaçados interesses econômicos políticos poderosos inclusive potências estrangeiras
"Falamos de igualdade e do direito à própria vida, das mulheres que lutam para existir. De onde me encontro, sigo em resistência pela construção da sociedade que sonhamos juntos, de um Brasil com oportunidades iguais para todos e todas.",esquerda,falamos igualdade direito própria vida mulheres lutam existir onde encontro sigo resistência construção sociedade sonhamos juntos brasil oportunidades iguais todos todas
"Oito de março é dia de lembrar a luta das mulheres, que vivem um exercício de resistência diário, desde o momento que vem ao mundo. Dia de marcar posição frente aqueles que hoje no poder tentam deslegitimar a luta de quem tem como ideal a igualdade de direitos.",esquerda,oito março dia lembrar luta mulheres vivem exercício resistência diário desde momento vem mundo dia marcar posição frente hoje poder tentam deslegitimar luta ideal igualdade direitos
"A melhor forma de resolver o problema da Previdência é gerar empregos. Quanto mais emprego, mais salários, mais contribuições e menos déficit. Na minha época havia superávit.",esquerda,melhor forma resolver problema previdência gerar empregos quanto emprego salários contribuições menos déficit época havia superávit
"Não podemos permitir a submissão do Brasil aos EUA. Maduro é um problema dos venezuelanos, não dos americanos. Falam em fome mas não falam no Bloqueio, que mata crianças, homens e mulheres inocentes.",esquerda,podemos permitir submissão brasil eua maduro problema venezuelanos americanos falam fome falam bloqueio mata crianças homens mulheres inocentes
"Eles precisam é apresentar um pacote pra salvar o Brasil. Simples: medidas que gerem emprego, renda e educação.",esquerda,precisam apresentar pacote pra salvar brasil simples medidas gerem emprego renda educação
"Pobre Brasil. Um ministro apresenta um pacote pra combater o crime. Outro promete um pacote que vai aumentar a desigualdade e, por consequência, a criminalidade, que é a Reforma da Previdência.",esquerda,pobre brasil ministro apresenta pacote pra combater crime outro promete pacote vai aumentar desigualdade consequência criminalidade reforma previdência
Era melhor ter armado a população com carteira de trabalho e livros.,esquerda,melhor ter armado população carteira trabalho livros
"Era para isso que eu queria ser presidente: para matar a fome do povo, dar oportunidade, dignidade e autoestima. Por isso digo para vocês: não baixem a cabeça jamais.",esquerda,queria presidente matar fome povo dar oportunidade dignidade autoestima digo baixem cabeça jamais
"Meu governo começou assim, e começaria assim de novo. Nunca vou esquecer minha emoção com o depoimento de uma companheira catadora que disse que o mais importante que eu fiz para ela foi ela ter orgulho da profissão dela, de andar de cabeça erguida, de ter dignidade.",esquerda,governo começou assim começaria assim novo nunca vou esquecer emoção depoimento companheira catadora disse importante fiz ter orgulho profissão andar cabeça erguida ter dignidade
"Todo o ano como presidente da República, eu fiz questão de participar do Natal dos Catadores, para lembrar a sociedade que o governo deve cuidar de todos, mas ter um olhar especial para quem precisa mais, para o trabalhador.",esquerda,todo ano presidente república fiz questão participar natal catadores lembrar sociedade governo deve cuidar todos ter olhar especial precisa trabalhador
"Ainda iremos construir um mundo de paz e fraternidade, onde todos e todas, sem exceção tenham direito a uma vida digna.",esquerda,ainda iremos construir mundo paz fraternidade onde todos todas exceção direito vida digna
"Temos de voltar às ruas, às fábricas, aos bairros e favelas, falar a linguagem do povo, nos reconectar com as bases, como disse o . Não podemos ter medo do futuro porque aprendemos que o impossível não existe.",esquerda,voltar ruas fábricas bairros favelas falar linguagem povo reconectar bases disse podemos ter medo futuro porque aprendemos impossível existe
"Queremos e devemos atuar em conjunto com todas as forças da esquerda, da centro-esquerda e do campo democrático, num exercício cotidiano de resistência.",esquerda,queremos devemos atuar conjunto todas forças esquerda centro esquerda campo democrático exercício cotidiano resistência
"O PT nasceu na oposição, para defender a democracia e os direitos do povo, em tempos ainda mais difíceis que os de hoje. É isso que temos de voltar a fazer agora, com o respaldo dos nossos 47 milhões de votos, com a responsabilidade de sermos o maior partido político do país.",esquerda,pt nasceu oposição defender democracia direitos povo tempos ainda difíceis hoje voltar fazer agora respaldo milhões votos responsabilidade sermos maior partido político país
"O povo brasileiro nos deu a missão de manter acesa a chama da esperança, o que significa a defesa da democracia, do patrimônio nacional, dos direitos dos trabalhadores e do povo que mais precisa.",esquerda,povo brasileiro deu missão manter acesa chama esperança significa defesa democracia patrimônio nacional direitos trabalhadores povo precisa
"Se há divergências entre nós, vamos enfrentá-las por meio do debate, do argumento, do voto. Não temos o direito de abandonar o pacto social da Constituição de 1988. Não podemos deixar que o desespero leve o Brasil na direção de uma aventura fascista.",esquerda,divergências vamos enfrentá las meio debate argumento voto direito abandonar pacto social constituição podemos deixar desespero leve brasil direção aventura fascista
"Neste momento em que uma ameaça fascista paira sobre o Brasil, quero chamar todos e todas que defendem a democracia a se juntar ao nosso povo mais sofrido, aos trabalhadores da cidade e do campo, à sociedade civil organizada, para defender o estado democrático de direito.",esquerda,neste momento ameaça fascista paira sobre brasil quero chamar todos todas defendem democracia juntar povo sofrido trabalhadores cidade campo sociedade civil organizada defender estado democrático direito
"Tenho muito orgulho do legado que deixamos para o país, especialmente do compromisso com a democracia. Nosso partido nasceu na resistência à ditadura e na luta pela redemocratização do país, que tanto sacrifício, tanto sangue e tantas vidas nos custou.",esquerda,orgulho legado deixamos país especialmente compromisso democracia partido nasceu resistência ditadura luta redemocratização país tanto sacrifício tanto sangue tantas vidas custou
"Talvez odeiem o PT porque nunca antes o Brasil foi tão respeitado, com uma política externa que não falava grosso com a Bolívia nem falava fino com os EUA. Um país que foi reconhecido internacionalmente por ter promovido uma vida melhor para seu povo em absoluta democracia.",esquerda,talvez odeiem pt porque nunca antes brasil tão respeitado política externa falava grosso bolívia falava fino eua país reconhecido internacionalmente ter promovido vida melhor povo absoluta democracia
Será que nos odeiam porque promovemos o diálogo e a participação social na definição e implantação de políticas públicas pela primeira vez neste país? Será que odeiam o PT porque jamais interferimos na liberdade de imprensa e de expressão?,esquerda,odeiam porque promovemos diálogo participação social definição implantação políticas públicas primeira vez neste país odeiam pt porque jamais interferimos liberdade imprensa expressão
"Será que odeiam o PT porque abrimos as portas do Palácio do Planalto aos pobres, aos negros, às mulheres, ao povo LGBTI, aos sem-teto, aos sem-terra, aos hansenianos, aos quilombolas, a todos e todas que foram discriminados e esquecidos ao longo de séculos?",esquerda,odeiam pt porque abrimos portas palácio planalto pobres negros mulheres povo lgbti teto terra hansenianos quilombolas todos todas discriminados esquecidos longo séculos
"Ou talvez porque realizamos o sonho da casa própria para 3 milhões de famílias em todo o país, cumprindo uma obrigação que os governos anteriores nunca assumiram.",esquerda,talvez porque realizamos sonho casa própria milhões famílias todo país cumprindo obrigação governos anteriores nunca assumiram
"Talvez odeiem o PT porque fizemos uma revolução silenciosa no Nordeste, levando água para quem sofria com a seca, levando luz para quem vivia nas trevas, levando oportunidades, estaleiros, refinarias e indústrias para a região.",esquerda,talvez odeiem pt porque fizemos revolução silenciosa nordeste levando água sofria seca levando luz vivia trevas levando oportunidades estaleiros refinarias indústrias região
"Talvez nos odeiem porque investimos na exploração do pré-sal e transformamos a Petrobrás numa das maiores petrolíferas do mundo, impulsionando nossa indústria naval e a cadeia produtiva do óleo e gás.",esquerda,talvez odeiem porque investimos exploração pré sal transformamos petrobrás maiores petrolíferas mundo impulsionando indústria naval cadeia produtiva óleo gás
"Talvez nos odeiem porque promovemos o maior ciclo de desenvolvimento econômico com inclusão social, porque multiplicamos o PIB por 5, porque multiplicamos o comércio exterior por 4.",esquerda,talvez odeiem porque promovemos maior ciclo desenvolvimento econômico inclusão social porque multiplicamos pib porque multiplicamos comércio exterior
"Ou será que nos odeiam porque abrimos as portas da Universidade para quase 4 milhões de alunos de escolas públicas, de negros e indígenas?",esquerda,odeiam porque abrimos portas universidade quase milhões alunos escolas públicas negros indígenas
"Porque criamos 20 milhões de empregos com carteira assinada, em 12 anos, e elevamos o valor do salário mínimo em 74%? Será que nos odeiam porque fortalecemos o SUS, criamos as UPAS e o SAMU que salvam milhares de vidas todos os dias?",esquerda,porque criamos milhões empregos carteira assinada anos elevamos valor salário mínimo odeiam porque fortalecemos sus criamos upas samu salvam milhares vidas todos dias
"Mas fico pensando, todos os dias: por que tanto ódio contra o PT? Será que nos odeiam porque tiramos 36 milhões de pessoas da miséria e levamos mais de 40 milhões à classe média? Porque tiramos o Brasil do Mapa da Fome?",esquerda,fico pensando todos dias tanto ódio contra pt odeiam porque tiramos milhões pessoas miséria levamos milhões classe média porque tiramos brasil mapa fome
"O povo sabe e a história vai registrar o que fizemos para vencer a fome, superar a miséria, gerar empregos, valorizar o salário, criar oportunidades, abrir escolas e universidades para os jovens, defender a soberania nacional e fazer do Brasil um país respeitado em todo o mundo.",esquerda,povo sabe história vai registrar fizemos vencer fome superar miséria gerar empregos valorizar salário criar oportunidades abrir escolas universidades jovens defender soberania nacional fazer brasil país respeitado todo mundo
Foi pelo caminho do diálogo e pelo despertar da consciência cidadã que chegamos à Presidência da República em 2002 para transformar o país.,esquerda,caminho diálogo despertar consciência cidadã chegamos presidência república transformar país
"Por mais de 40 anos percorri este país buscando acender a esperança no coração do nosso povo. Sempre enfrentamos o preconceito, a mentira e até a violência, e, mesmo assim, conseguimos construir uma profunda relação de confiança com os trabalhadores, com as pessoas mais humildes.",esquerda,anos percorri país buscando acender esperança coração povo sempre enfrentamos preconceito mentira violência assim conseguimos construir profunda relação confiança trabalhadores pessoas humildes
"Trabalho e educação são a resposta para o Brasil retomar seu rumo, e não há ninguém melhor para falar sobre o tema do que o melhor ministro da educação que o país já teve",esquerda,trabalho educação resposta brasil retomar rumo ninguém melhor falar sobre tema melhor ministro educação país
"Só existe desenvolvimento com valorização do trabalho e, portanto, é impensável um Brasil desenvolvido sem a garantia dos direitos sociais assegurados pela CLT e pela Constituição de 1988",esquerda,existe desenvolvimento valorização trabalho portanto impensável brasil desenvolvido garantia direitos sociais assegurados clt constituição
"Nada ameaça e destrói mais uma família do que a falta de esperança, de oportunidades, de um bom futuro para os filhos. Foi por isso que nós cuidamos tanto da educação, desde a creche até o ensino superior.",esquerda,nada ameaça destrói família falta esperança oportunidades bom futuro filhos cuidamos tanto educação desde creche ensino superior
"Foi por isso que nós geramos 22 milhões de empregos com carteira assinada, criamos o Bolsa Família e fizemos o Minha Casa, Minha Vida.",esquerda,geramos milhões empregos carteira assinada criamos bolsa família fizemos casa vida
"Nossos adversários dizem que defendem a família. Mas nada ameaça e destrói mais uma família do que o desemprego, a falta do que comer, a falta de condições dignas de moradia.",esquerda,adversários dizem defendem família nada ameaça destrói família desemprego falta comer falta condições dignas moradia
"Agora, nossos adversários falam em acabar com o 13º. Falam mal até daquele dinheirinho extra que o trabalhador recebe quando sai de férias.",esquerda,agora adversários falam acabar º falam mal daquele dinheirinho extra trabalhador recebe sai férias
"No governo Lula as pessoas tinham emprego, tinham salários que subiam acima da inflação. Quando chegava o fim do ano, as mães e os pais trabalhadores recebiam o 13º salário e podiam comprar presentes para os filhos e viajar de avião com suas famílias.",esquerda,governo lula pessoas emprego salários subiam acima inflação chegava fim ano mães pais trabalhadores recebiam º salário podiam comprar presentes filhos viajar avião famílias
"As mães e avós que cuidam sozinhas de seus filhos e netos tiveram todo o apoio e o respeito do meu governo, e puderam criar suas famílias da forma mais saudável possível.",esquerda,mães avós cuidam sozinhas filhos netos todo apoio respeito governo puderam criar famílias forma saudável possível
"As mães de família foram as principais beneficiadas. Tiveram direito ao Bolsa Família, tiveram acesso ao pré-natal e ao parto mais seguro. Puderam vacinar, alimentar e cuidar melhor da saúde de seus filhos.",esquerda,mães família principais beneficiadas direito bolsa família acesso pré natal parto seguro puderam vacinar alimentar cuidar melhor saúde filhos
"Governei para todos os brasileiros, olhando com mais atenção para quem mais precisava. A religião foi respeitada. A dignidade humana foi respeitada. A família foi mais do que respeitada: ela foi reforçada e cuidada com especial carinho pelo meu governo.",esquerda,governei todos brasileiros olhando atenção precisava religião respeitada dignidade humana respeitada família respeitada reforçada cuidada especial carinho governo
"Nós não vamos nos deixar intimidar por nenhum projeto de ditador. Nós somos democratas, nós não somos covardes",esquerda,vamos deixar intimidar nenhum projeto ditador democratas covardes
O que está em jogo no segundo turno dessas eleições não é apenas a disputa entre dois candidatos. É a disputa entre os valores democráticos e a ditadura,esquerda,jogo segundo turno dessas eleições apenas disputa dois candidatos disputa valores democráticos ditadura
Tem duas palavras mágicas que tiram o país da crise: trabalho e educação,esquerda,duas palavras mágicas tiram país crise trabalho educação
"Nós não queremos o país do desemprego, nós não queremos o país que acaba com as políticas públicas, nós não queremos o país da mortalidade infantil, nós queremos o país da educação.",esquerda,queremos país desemprego queremos país acaba políticas públicas queremos país mortalidade infantil queremos país educação
"Eles só pensam em vender. Nos anos 90 era assim. Você piscava, alguma estatal era vendida. Nós não queremos vender nada, queremos construir coisas novas",esquerda,pensam vender anos assim piscava alguma estatal vendida queremos vender nada queremos construir coisas novas
"Nossa linha de campanha é de propostas e não de ataques. O Brasil quer paz e democracia. Não quer ditadura, que discutir direitos, trabalho, educação. O país quer olhar para o futuro, discutir o que fazer para sair da crise",esquerda,linha campanha propostas ataques brasil quer paz democracia quer ditadura discutir direitos trabalho educação país quer olhar futuro discutir fazer sair crise
O que eu vejo de mais grave em relação ao Bolsa Família são os cortes que estão sendo feitos sem critério. Nós tínhamos critérios de condicionalidade baseados em frequência escolar e vacinação que sempre foram eficazes,esquerda,vejo grave relação bolsa família cortes sendo feitos critério critérios condicionalidade baseados frequência escolar vacinação sempre eficazes
"Nós temos uma proposta de incluir alimentos orgânicos nas escolas, sem agrotóxico, como fizemos em São Paulo",esquerda,proposta incluir alimentos orgânicos escolas agrotóxico fizemos paulo
"Nós queremos apresentar ao Brasil propostas com serenidade. É disso que o Brasil precisa: serenidade. Ouvir a população, ouvir os movimentos populares e os empresários, buscando o desenvolvimento com inclusão",esquerda,queremos apresentar brasil propostas serenidade disso brasil precisa serenidade ouvir população ouvir movimentos populares empresários buscando desenvolvimento inclusão
"Queremos que os consumidores nos ajudem, consumindo produtos de empresas comprometidas com as mulheres",esquerda,queremos consumidores ajudem consumindo produtos empresas comprometidas mulheres
"Nós temos muitas tarefas. Uma delas é buscar a igualdade no mercado de trabalho e isso é papel do Estado, sim. Temos que estimular para que essa igualdade aconteça na prática” - , durante o ato Primavera das Mulheres em São Paulo",esquerda,muitas tarefas buscar igualdade mercado trabalho papel estado sim estimular igualdade aconteça prática” durante ato primavera mulheres paulo
O desenvolvimento do Brasil passa pela revogação da reforma trabalhista e isso interfere diretamente na vida das mulheres,esquerda,desenvolvimento brasil passa revogação reforma trabalhista interfere diretamente vida mulheres
"E o nosso projeto é a Primavera das Mulheres porque não tem projeto de desenvolvimento sem que as mulheres sejam centrais, se não houver salário igual para trabalho igual. Não há desenvolvimento se houver a PEC do Teto",esquerda,projeto primavera mulheres porque projeto desenvolvimento mulheres centrais salário igual trabalho igual desenvolvimento pec teto
"A nossa campanha representa as candidaturas das mulheres, porque somos o time das brasileiras. Porque temos um projeto de país que liberta as mulheres e o povo brasileiro",esquerda,campanha representa candidaturas mulheres porque time brasileiras porque projeto país liberta mulheres povo brasileiro
Nossa proposta de reforma reduz drasticamente o número de impostos sem aumentar a carga tributária. Vamos cobrar mais de quem ganha mais e menos de quem ganha menos,esquerda,proposta reforma reduz drasticamente número impostos aumentar carga tributária vamos cobrar ganha menos ganha menos
"Nós precisamos rever toda política de segurança pública, investir nas polícias, mas reduzir criminalidade significa investir em educação, ciência e tecnologia",esquerda,precisamos rever toda política segurança pública investir polícias reduzir criminalidade significa investir educação ciência tecnologia
"Não há como gerar emprego sem democracia, não há como matar a fome das pessoas sem democracia, não há como garantir educação de qualidade sem democracia.",esquerda,gerar emprego democracia matar fome pessoas democracia garantir educação qualidade democracia
"Nós vamos nos associar a todos os movimentos sociais, a todos movimentos populares e a todo movimento institucional, seja de que instituição for, para o fortalecimento da democracia no Brasil",esquerda,vamos associar todos movimentos sociais todos movimentos populares todo movimento institucional instituição fortalecimento democracia brasil
Nós queremos cultivar um ambiente de paz com dois focos: trabalho e educação,esquerda,queremos cultivar ambiente paz dois focos trabalho educação
Nós não podemos tentar resolver os problemas do país no autoritarismo e na violência. Democracia deve ser celebrada todo o tempo,esquerda,podemos tentar resolver problemas país autoritarismo violência democracia deve celebrada todo tempo
"Se a mulher cria os filhos sozinha, ela vai receber mais atenção nossa e não menos. Se a avó cria os netos sozinha, ela vai receber mais carinho. Nós não queremos mais intolerância",esquerda,mulher cria filhos sozinha vai receber atenção menos avó cria netos sozinha vai receber carinho queremos intolerância
"Nós nunca deixamos nenhum brasileiro para trás, nem mesmo nossos adversários",esquerda,nunca deixamos nenhum brasileiro trás adversários
Ninguém impede o povo brasileiro. O povo é soberano,esquerda,ninguém impede povo brasileiro povo soberano
É o povo que vai libertar o Brasil de seus algozes,esquerda,povo vai libertar brasil algozes
Quanto menos os pobres pagarem impostos mais eles vão consumir e o empresário vai poder contratar,esquerda,quanto menos pobres pagarem impostos vão consumir empresário vai poder contratar
"A universidade pública mudou completamente, hoje você vai a uma universidade pública e encontra mulheres, encontra negros e encontra trabalhadores",esquerda,universidade pública mudou completamente hoje vai universidade pública encontra mulheres encontra negros encontra trabalhadores
Quando você impõe a mesma alíquota para ricos e pobres você penaliza muito mais o pobre,esquerda,impõe mesma alíquota ricos pobres penaliza pobre
"Todo mundo que promove a violência contra a mulher, contra o negro, contra a população LGBT, nós não apoiamos",esquerda,todo mundo promove violência contra mulher contra negro contra população lgbt apoiamos
Não tem nada mais revolucionário na vida de uma pessoa do que oportunidade: de trabalho e de se educar,esquerda,nada revolucionário vida pessoa oportunidade trabalho educar
"Eu tenho a perspectiva de fazer um governo aberto, que dialogue com a juventude, com as novas formas de governança",esquerda,perspectiva fazer governo aberto dialogue juventude novas formas governança
Nós queremos outras vozes sendo ouvidas para que o brasileiro possa formar sua opinião livremente,esquerda,queremos outras vozes sendo ouvidas brasileiro possa formar opinião livremente
Só a produção gera emprego. Especulação não gera emprego e as pessoas estão vivendo de especulação,esquerda,produção gera emprego especulação gera emprego pessoas vivendo especulação
"Precisamos de uma agenda que não penalize os mais pobres, que não jogue tudo no colo do trabalhador",esquerda,precisamos agenda penalize pobres jogue tudo colo trabalhador
"Nós queremos construir um país de paz e harmonia, voltado para os trabalhadores e trabalhadoras com foco em trabalho e educação",esquerda,queremos construir país paz harmonia voltado trabalhadores trabalhadoras foco trabalho educação
Chamar os pobres para pagar a conta da crise não é razoável,esquerda,chamar pobres pagar conta crise razoável
É importante a vinda das agências internacionais em língua portuguesa. Isso aumenta a diversidade! Quem tem medo de diversidade? Nós não,esquerda,importante vinda agências internacionais língua portuguesa aumenta diversidade medo diversidade
"O que eles querem é que o nosso projeto não volte a Brasília porque nosso projeto significa inclusão, significa geração de renda, significa dignidade aos estudantes. Nós não vamos abrir mão desse projeto",esquerda,querem projeto volte brasília porque projeto significa inclusão significa geração renda significa dignidade estudantes vamos abrir mão desse projeto
"É preciso resgatar o que a gente fazia de bom pelo povo: emprego, educação e oportunidade. É isso o que o povo quer",esquerda,preciso resgatar gente fazia bom povo emprego educação oportunidade povo quer
O Minha Casa Minha Vida está parado e nós precisamos retomar. Obra gera emprego,esquerda,casa vida parado precisamos retomar obra gera emprego
"Com a adesão ao programa, as universidades passaram a contar com volume inédito de recursos para investir na produção de conhecimento. Em troca, ampliaram o número de vagas e criaram cursos noturnos, entre outras ações que ajudaram a reduzir desigualdades sociais históricas.",esquerda,adesão programa universidades passaram contar volume inédito recursos investir produção conhecimento troca ampliaram número vagas criaram cursos noturnos outras ações ajudaram reduzir desigualdades sociais históricas
"Houve um tempo em que as universidades federais não tinham verba para sequer pagar a conta de luz ou comprar papel higiênico. Com a chegada de Lula à Presidência, esse quadro mudou.",esquerda,tempo universidades federais verba sequer pagar conta luz comprar papel higiênico chegada lula presidência quadro mudou
"Quem desmatar vai pagar imposto progressivo até reflorestar. Não precisamos de desmatamento para produção agropecuária, a área destinada a isso já atende à demanda nacional e internacional",esquerda,desmatar vai pagar imposto progressivo reflorestar precisamos desmatamento produção agropecuária área destinada atende demanda nacional internacional
"Nós temos que retomar investimentos em infraestrutura. Precisamos gerar emprego, diminuindo o IR a zero para quem ganha até 5 salários mínimos, fazendo o mercado de consumo aquecer e, assim, gerar empregos",esquerda,retomar investimentos infraestrutura precisamos gerar emprego diminuindo ir zero ganha salários mínimos fazendo mercado consumo aquecer assim gerar empregos
"Muitas vezes, o jovem do interior não entra em uma universidade ou Instituto Federal porque não consegue se manter na capital. Se a universidade está perto, o jovem vai. O Estado precisa oferecer a oportunidade",esquerda,muitas vezes jovem interior entra universidade instituto federal porque consegue manter capital universidade perto jovem vai estado precisa oferecer oportunidade
O bilionário não paga imposto no Brasil. Só tem dois países no mundo que não cobram imposto de quem recebe dividendos e o Brasil é um deles. Precisamos rever isso.,esquerda,bilionário paga imposto brasil dois países mundo cobram imposto recebe dividendos brasil precisamos rever
Quando uma pessoa pobre tem oportunidade ela impacta a vida da comunidade inteira. O papel do governo é criar as condições.,esquerda,pessoa pobre oportunidade impacta vida comunidade inteira papel governo criar condições
As pesquisas mostram um desalento na população brasileira e muitos até desistindo da busca por um emprego formal. Mas nós já provamos ser possível gerar empregos melhorando inclusive as condições de trabalho.,esquerda,pesquisas mostram desalento população brasileira muitos desistindo busca emprego formal provamos possível gerar empregos melhorando inclusive condições trabalho
A democracia significa direitos iguais de todos e todas. A fome e a pobreza voltaram ao Brasil e isso o preocupa,esquerda,democracia significa direitos iguais todos todas fome pobreza voltaram brasil preocupa
Sou da geração que lutou contra a ditadura e reconquistou a democracia. Nós estamos reunidos aqui hoje com os partidos da resistência,esquerda,geração lutou contra ditadura reconquistou democracia reunidos aqui hoje partidos resistência
"Agora Bolsonaro amplia o desastre iniciado pelos golpistas, ao esvaziar o MCMV. Enquanto brinca no twitter, disseminando intolerância, radicaliza a agenda neoliberal e joga a economia no fundo do poço. Quem nega a milhões de pessoas o acesso a um lar, não é a favor da família",esquerda,agora bolsonaro amplia desastre iniciado golpistas esvaziar mcmv enquanto brinca twitter disseminando intolerância radicaliza agenda neoliberal joga economia fundo poço nega milhões pessoas acesso lar favor família
"As ""fake news""dos bolsominions continuam. Esclareço que o decreto que assinei em 2016 tinha como objetivo básico ajudar as vítimas da tragédia de Mariana a receber o dinheiro do FGTS. Equiparava o rompimento de barragens a desastres naturais apenas para efeito de saque do FGTS.",esquerda,fake newsdos bolsominions continuam esclareço decreto assinei objetivo básico ajudar vítimas tragédia mariana receber dinheiro fgts equiparava rompimento barragens desastres naturais apenas efeito saque fgts
"Desde que assumiu, o governo Bolsonaro atrasa o pagamento das construtoras, sobretudo as de pequeno e médio porte. A dívida já chega a R$ 450 milhões e as obras começam a parar em todo o país, principalmente para a Faixa 1, que beneficia famílias com renda de até R$ 1.800,00",esquerda,desde assumiu governo bolsonaro atrasa pagamento construtoras sobretudo pequeno médio porte dívida chega r milhões obras começam parar todo país principalmente faixa beneficia famílias renda r
"Maior programa habitacional da história, o Minha Casa Minha Vida foi lançado em 2009 no Governo Lula e sua maior execução ocorreu no meu governo. Responsável pela contratação de mais de 5,5 milhões de moradias, 74% já entregues, o MCMV completa 10 anos ameaçado de extinção",esquerda,maior programa habitacional história casa vida lançado governo lula maior execução ocorreu governo responsável contratação milhões moradias entregues mcmv completa anos ameaçado extinção
"Os 2 deputados tumultuam para impedir a comissão de funcionar e querem destituir Beatriz, que foi eleita com 90 mil votos e representa a classe dos professores de Minas. Mas o machismo e o autoritarismo não irão prevalecer. Basta de covardia e abuso contra as mulheres!",esquerda,deputados tumultuam impedir comissão funcionar querem destituir beatriz eleita mil votos representa classe professores minas machismo autoritarismo irão prevalecer basta covardia abuso contra mulheres
"As construtoras informam que, com a paralisação das obras, 50 mil trabalhadores serão demitidos em 10 dias. No meu governo, o programa chegou a empregar 3,4 milhões de pessoas e foi responsável por 2/3 do mercado da construção civil, um dos mais dinâmicos da economia",esquerda,construtoras informam paralisação obras mil trabalhadores demitidos dias governo programa chegou empregar milhões pessoas responsável mercado construção civil dinâmicos economia
"O MCMV vem sendo desvirtuado desde o golpe de 2016, quando reduziram a contratação de moradias para famílias da Faixa 1. Nos governos do PT, 50% das obras eram destinadas a essas pessoas. Com Temer, as contratações para da Faixa 1 foram reduzidas para absurdos 12%",esquerda,mcmv vem sendo desvirtuado desde golpe reduziram contratação moradias famílias faixa governos pt obras destinadas pessoas temer contratações faixa reduzidas absurdos
"O governo Bolsonaro põe em risco a própria existência do MCMV, por descaso e falta de compromisso com as famílias brasileiras que mais precisam da casa própria para criar seus filhos e filhas em segurança. Não precisam de armas de fogo, mas da proteção de um lar",esquerda,governo bolsonaro põe risco própria existência mcmv descaso falta compromisso famílias brasileiras precisam casa própria criar filhos filhas segurança precisam armas fogo proteção lar
"A reforma da previdência apresentada é 1 afronta. E impõe pesadas perdas aos mais pobres. Os + prejudicados são os que ganham menos, os que têm expectativa de vida + baixa, entram no mercado + cedo e em profissões que exigem + esforço físico",esquerda,reforma previdência apresentada afronta impõe pesadas perdas pobres prejudicados ganham menos têm expectativa vida baixa entram mercado cedo profissões exigem esforço físico
"Todo o apoio à deputada Beatriz Cerqueira (PT), presidente da Comissão de Educação da ALMG, que está sendo sabotada pelo machismo de deputados do PSL e do Novo. O Coronel Sandro, do PSL, chegou a mandar Beatriz calar a boca, numa reunião",esquerda,todo apoio deputada beatriz cerqueira pt presidente comissão educação almg sendo sabotada machismo deputados psl novo coronel sandro psl chegou mandar beatriz calar boca reunião
" Se a condenação no 1º processo tinha por objetivo impedir a candidatura de Lula à presidência, agora a intenção é retirá-lo definitivamente da vida política. Na prática, as duas condenações somadas tentam lhe impor uma prisão perpétua.",esquerda,condenação º processo objetivo impedir candidatura lula presidência agora intenção retirá lo definitivamente vida política prática duas condenações somadas tentam impor prisão perpétua
"Afirmar que as mortes de Marielle e Anderson podem ter sido “crime de ódio”, como disseram os investigadores, é como admitir que 2 dos maiores matadores de aluguel do Rio são suscetíveis a sentimentos pessoais em relação às suas vítimas.",esquerda,afirmar mortes marielle anderson podem ter sido “crime ódio” disseram investigadores admitir maiores matadores aluguel rio suscetíveis sentimentos pessoais relação vítimas
"O Golpe de 64: Na ditadura, a oposição foi atacada com toda a violência do Estado: 434 pessoas foram assassinadas, de acordo com a Comissão da Verdade. Entre essas, 212 ainda estão desaparecidas. As famílias jamais encontraram os corpos.",esquerda,golpe ditadura oposição atacada toda violência estado pessoas assassinadas acordo comissão verdade ainda desaparecidas famílias jamais encontraram corpos
" Confirma os temores do deputado Jean Wyllys o fato de o Presidente da República comemorar sua decisão. É terrível que uma autoridade defenda milícias, é estarrecedor que um candidato tenha ameaçado seus opositores com exílio e prisão.",esquerda,confirma temores deputado jean wyllys fato presidente república comemorar decisão terrível autoridade defenda milícias estarrecedor candidato ameaçado opositores exílio prisão
O porte de armas irrestrito e amplamente liberado a toda população vai dar instrumento para que o assassinato massivo se torne endêmico e cotidiano. A lei anticrime do minisro Moro é o encontro marcado com tragédias como a de Suzano,esquerda,porte armas irrestrito amplamente liberado toda população vai dar instrumento assassinato massivo torne endêmico cotidiano lei anticrime minisro moro encontro marcado tragédias suzano
"Tratamos as vítimas de rompimento de barragens como vítimas de desastres naturais para que aquelas pudessem receber com presteza o dinheiro do FGTS. Os bolsominions parecem não saber o que é uma questão humanitária, nem sua urgência.",esquerda,tratamos vítimas rompimento barragens vítimas desastres naturais pudessem receber presteza dinheiro fgts bolsominions parecem saber questão humanitária urgência
"O Golpe de 64: Segundo a Comissão da Verdade, mais de 300 pessoas, entre militares, agentes e até mesmo ex-presidentes, foram responsabilizadas por detenções ilegais e de tortura, execuções, desaparecimentos e ocultação de cadáveres.",esquerda,golpe segundo comissão verdade pessoas militares agentes ex presidentes responsabilizadas detenções ilegais tortura execuções desaparecimentos ocultação cadáveres
"O Golpe de 64: No auge da ditadura, estudantes e ativistas lutaram contra o regime militar. Um foi Stuart Angel Jones, assassinado em 1971, aos 24 anos, depois de ser brutalmente torturado por agentes do Cisa. Está “desaparecido”.",esquerda,golpe auge ditadura estudantes ativistas lutaram contra regime militar stuart angel jones assassinado anos brutalmente torturado agentes cisa “desaparecido”
"O Golpe de 64: Na ditadura, muitas famílias jamais conseguiram informações sobre o paradeiro dos filhos. Foi o caso da estilista Zuzu Angel. O filho Stuart Angel foi assassinado pelo Estado em 1971. Zuzu foi assassinada em 1976.",esquerda,golpe ditadura muitas famílias jamais conseguiram informações sobre paradeiro filhos caso estilista zuzu angel filho stuart angel assassinado estado zuzu assassinada
"Marielle não foi morta porque os atiradores não gostavam dela. Alguém os contratou para matá-la. O crime só estará realmente esclarecido quando os mandantes forem presos. Até lá, eles estão livres para alugar outros matadores.",esquerda,marielle morta porque atiradores gostavam alguém contratou matá la crime estará realmente esclarecido mandantes presos lá livres alugar outros matadores
"ATOS EM DEFESA DA LIBERDADE DE LULA Hoje, acontecem, em Curitiba (PR) e São Paulo, atos em defesa da liberdade do ex-presidente. Outros atos também estão previstos nas cidades de Cuiabá e Porto Alegre. PARTICIPEM!",esquerda,atos defesa liberdade lula hoje acontecem curitiba pr paulo atos defesa liberdade ex presidente outros atos previstos cidades cuiabá porto alegre participem
"O absurdo estarrecedor é que, neste trágico dia em que assistimos à morte de 10 pessoas e o ferimento de outras 9, o Presidente da República tenha o desplante de anunciar uma lei propondo maior acesso a armas.",esquerda,absurdo estarrecedor neste trágico dia assistimos morte pessoas ferimento outras presidente república desplante anunciar lei propondo maior acesso armas
"LULA, HERÓI DA CLASSE TRABALHADORA Um homem perseguido. Um processo sem provas. Um julgamento parcial. Um preso político.",esquerda,lula herói classe trabalhadora homem perseguido processo provas julgamento parcial preso político
" Cotado para o Prêmio Nobel da Paz, Lula tem sua cidadania interditada e seus direitos básicos suprimidos. Mas as condenações, maculadas por erros flagrantes, não farão com que se dobre aos seus algozes.",esquerda,cotado prêmio nobel paz lula cidadania interditada direitos básicos suprimidos condenações maculadas erros flagrantes farão dobre algozes
" A derrubada do decreto que desfigurava a Lei de Acesso à Informação, criada por Lula e sancionada por mim em 2012, preserva o dever de transparência do estado e o direito do povo à informação pública.",esquerda,derrubada decreto desfigurava lei acesso informação criada lula sancionada mim preserva dever transparência estado direito povo informação pública
" O deputado Jean Wyllys, defensor dos direitos humanos – das mulheres, dos homossexuais e LGBTIs, da população negra e do povo trabalhador de nosso país – renunciou ao seu mandato e vai exilar-se.",esquerda,deputado jean wyllys defensor direitos humanos mulheres homossexuais lgbtis população negra povo trabalhador país renunciou mandato vai exilar
"Amanhã, dia 8 de março, Dia Internacional da Mulher, estaremos tratando das políticas para mulheres nos governos do PT, em um bate-papo na TV . Acompanhe nas nossas redes sociais, a partir das 14h.",esquerda,amanhã dia março dia internacional mulher estaremos tratando políticas mulheres governos pt bate papo tv acompanhe redes sociais partir h
"O Golpe de 64: Na ditadura, reuniões eram proibidas e votar pra prefeito, governador e presidente também. Repressão e brutalidade eram palavras de ordem. O ódio era semeado contra os opositores.",esquerda,golpe ditadura reuniões proibidas votar pra prefeito governador presidente repressão brutalidade palavras ordem ódio semeado contra opositores
"Mas é inadmissível que um Presidente possa se orgulhar ou comemorar algum desses fatos. Sua missão é respeitar a Constituição, defender a democracia, honrar seu país e dignificar seu cargo.",esquerda,inadmissível presidente possa orgulhar comemorar algum desses fatos missão respeitar constituição defender democracia honrar país dignificar cargo
"NÃO HÁ DEMOCRACIA SEM #LULALIVRE O maior líder popular do Brasil continua no cárcere, e é um preso político. ",esquerda,democracia lulalivre maior líder popular brasil continua cárcere preso político
"De todos as combatentes que denunciaram assassinatos e abusos cometidos pela ditadura militar, durante os anos de chumbo, a figura de Eunice Paiva é uma daquelas que permanecem para sempre vivas e cheias de força em nossos corações.",esquerda,todos combatentes denunciaram assassinatos abusos cometidos ditadura militar durante anos chumbo figura eunice paiva daquelas permanecem sempre vivas cheias força corações
"Adotada pela ONU em 10 de dezembro de 1948, a Declaração Universal dos Direitos Humanos (DUDH) faz 70 anos hoje. Continua atual, continua necessária e, infelizmente, continua sendo desrespeitada, inclusive no Brasil.",esquerda,adotada onu dezembro declaração universal direitos humanos dudh faz anos hoje continua atual continua necessária infelizmente continua sendo desrespeitada inclusive brasil
"Se a DUDH fosse respeitada, capangas encapuzados não teriam assassinado a tiros dois militantes do MST, há dois dias, num acampamento de trabalhadores sem-terra no interior da Paraíba.",esquerda,dudh respeitada capangas encapuzados assassinado tiros dois militantes mst dois dias acampamento trabalhadores terra interior paraíba
"Se a DUDH fosse cumprida, o presidente que assume dia 1º não teria anunciado que vai tratar o MST e o MTST como grupos terroristas. e nem teria dito isto: “Àqueles que me questionam se eu quero que mate esses vagabundos, eu quero, sim”.",esquerda,dudh cumprida presidente assume dia º anunciado vai tratar mst mtst grupos terroristas dito “àqueles questionam quero mate vagabundos quero sim”
"Se a DUDH fosse obedecida, o maior líder popular do nosso país, Lula, não estaria preso e isolado há quase oito meses, sem culpa provada e em desrespeito a uma determinação da ONU, apenas para ser afastado da eleição, da política, da sua cidadania e da sua família",esquerda,dudh obedecida maior líder popular país lula estaria preso isolado quase oito meses culpa provada desrespeito determinação onu apenas afastado eleição política cidadania família
"Se a DUDH fosse acatada, Temer não teria permitido que, no ano passado, 1,7 milhão de brasileiros voltassem à pobreza extrema, retrocesso que deve levar o Brasil de volta ao Mapa da Fome da ONU, do qual havia sido retirado no meu governo.",esquerda,dudh acatada temer permitido ano passado milhão brasileiros voltassem pobreza extrema retrocesso deve levar brasil volta mapa fome onu havia sido retirado governo
"Se a DUDH fosse seguida, o assassinato de Marielle Franco e Anderson Gomes não teria ocorrido e não estaria completando 9 meses sem que seus autores e mandantes tivessem sido presos. Por tudo isto, a adoção da Declaração Universal dos Direitos Humanos ainda depende da nossa luta",esquerda,dudh seguida assassinato marielle franco anderson gomes ocorrido estaria completando meses autores mandantes sido presos tudo adoção declaração universal direitos humanos ainda depende luta
"Criado por Lula, em 2003, e instituído como data nacional no meu governo, em 2011, o Dia Nacional da Consciência Negra é mais do que uma data para lembrar o herói Zumbi dos Palmares. É dia de reflexão sobre as sequelas ainda vivas e dolorosas de 300 anos de escravidão",esquerda,criado lula instituído data nacional governo dia nacional consciência negra data lembrar herói zumbi palmares dia reflexão sobre sequelas ainda vivas dolorosas anos escravidão
"Nada foi mais violento, desumano e definidor da sociedade brasileira do que 3 séculos de exploração do trabalho escravo. Por isto, para os brasileiros, o Dia da Consciência Negra deve ser dia de celebração da luta dos excluídos  por liberdade e por direitos",esquerda,nada violento desumano definidor sociedade brasileira séculos exploração trabalho escravo brasileiros dia consciência negra deve dia celebração luta excluídos liberdade direitos
"Neste dia, saúdo mulheres negras que lutaram contra a escravidão, como Zacimba Gaba, Dandara dos Palmares, Maria Felipa de Oliveira... E presto tributo a Marielle Franco, me solidarizando com as milhões de mulheres negras que sofrem preconceito e violência",esquerda,neste dia saúdo mulheres negras lutaram contra escravidão zacimba gaba dandara palmares maria felipa oliveira presto tributo marielle franco solidarizando milhões mulheres negras sofrem preconceito violência
"A participação política das mulheres em todas as esferas de poder é  fundamental no século XXI. Dá conteúdo à democracia e permite reverter o crescimento da desigualdade social, de gênero e racial. No Brasil, no contigente dos excluídos, estão sobretudo  mulheres negras.",esquerda,participação política mulheres todas esferas poder fundamental século xxi dá conteúdo democracia permite reverter crescimento desigualdade social gênero racial brasil contigente excluídos sobretudo mulheres negras
"A expressiva  participação das mulheres no Congresso dos EUA deve ser saudada tanto por sua diversidade como tamanho relativo. Foram eleitas, pela primeira vez,   mulheres  mulçumanas, negras, indígenas, de origem espânica. Eleitas governadoras em vários estados.",esquerda,expressiva participação mulheres congresso eua deve saudada tanto diversidade tamanho relativo eleitas primeira vez mulheres mulçumanas negras indígenas origem espânica eleitas governadoras vários estados
"O Brasil não crescerá sem democracia. Vamos marchar juntos contra os monstros do ódio, do atraso e da violência!",esquerda,brasil crescerá democracia vamos marchar juntos contra monstros ódio atraso violência
"O q ocorre em Minas, e certamente em todo o país, tem, pela covardia, características de um massacre, cometido por homens misóginos e machistas, que não sabem respeitar sequer o direito da mulher à vida. Às mulheres, resta se unir, denunciar e buscar ajuda contra seus agressores.",esquerda,q ocorre minas certamente todo país covardia características massacre cometido homens misóginos machistas sabem respeitar sequer direito mulher vida mulheres resta unir denunciar buscar ajuda contra agressores
"Antes da Lei do Femicídio, @LulaOficial havia criado a Lei Maria da Penha, que tornou crime a agressão às mulheres. No nosso governo, criamos a Casa da Mulher Brasileira, que acolhia, oferecia proteção e apoio jurídico, c/ varas especializadas, às mulheres agredidas ou ameaçadas.",esquerda,antes lei femicídio lulaoficial havia criado lei maria penha tornou crime agressão mulheres governo criamos casa mulher brasileira acolhia oferecia proteção apoio jurídico c varas especializadas mulheres agredidas ameaçadas
"Nós, mulheres, devemos nos mobilizar para fazer valer a letra da lei.",esquerda,mulheres devemos mobilizar fazer valer letra lei
"A lei do Feminicídio, assinada em 8 de março de 2015, no meu governo, tornou crime inafiançável o assassinato de mulheres, assegurando que o assassino não poderia se safar da justiça. Até então, alegava-se crime de honra e, na maioria das vezes, a impunidade era a regra.",esquerda,lei feminicídio assinada março governo tornou crime inafiançável assassinato mulheres assegurando assassino poderia safar justiça então alegava crime honra maioria vezes impunidade regra
"Os dados, do TJMG, são chocantes: nos primeiros seis meses do ano houve 68.121 agressões a mulheres em Minas. Um número espantoso, que chega a ser 7 vezes maior que o de acidentes de carro. E o volume de agressões é bem maior, já que muitas mulheres não vão à polícia.",esquerda,dados tjmg chocantes primeiros seis meses ano agressões mulheres minas número espantoso chega vezes maior acidentes carro volume agressões bem maior muitas mulheres vão polícia
"A notícia de que entre janeiro e junho deste ano uma mulher foi assassinada por dia em Minas, divulgada em relevante reportagem do jornal @OTempo, exige de todas nós uma tomada de posição firme contra este verdadeiro feminicídio.",esquerda,notícia janeiro junho deste ano mulher assassinada dia minas divulgada relevante reportagem jornal otempo exige todas tomada posição firme contra verdadeiro feminicídio
"Repudiamos o preconceito de quem é indiferente ao amor verdadeiro de milhões de mulheres, mães e avós. Meu respeito e admiração a todas elas.",esquerda,repudiamos preconceito indiferente amor verdadeiro milhões mulheres mães avós respeito admiração todas
"Ainda não estamos satisfeitos. Queremos mais empregos para os brasileiros! A corrupção de governos anteriores jogaram o nosso país na lama e muitas pessoas ainda sentem as consequências desse mal, mas estamos determinados a mudar de vez os rumos do nosso Brasil!",direita,ainda satisfeitos queremos empregos brasileiros corrupção governos anteriores jogaram país lama muitas pessoas ainda sentem consequências desse mal determinados mudar vez rumos brasil
"Desde Janeiro estamos crescendo. Para comparar, em relação a Fevereiro do ano passado o saldo de novos empregos foi quase 3 vezes maior. Desconfiem de quem só quer causar o caos e a desordem. O Brasil está acima de interesses pessoais. Bom fim de semana a todos! Vamos em frente!",direita,desde janeiro crescendo comparar relação fevereiro ano passado saldo novos empregos quase vezes maior desconfiem quer causar caos desordem brasil acima interesses pessoais bom fim semana todos vamos frente
"Cidadãos de vários estados brasileiros passaram sufoco nos últimos anos pela falta de pagamento de suas aposentadorias. Se permanecermos no atual sistema, a tendência é que isso se repita em escala nacional. Caos total! É fato! Por isso que se faz necessária a Nova Previdência!",direita,cidadãos vários estados brasileiros passaram sufoco últimos anos falta pagamento aposentadorias permanecermos atual sistema tendência repita escala nacional caos total fato faz necessária nova previdência
"Brasil criou cerca de 211.000 novas vagas de trabalho com carteira assinada nos dois primeiros meses do ano. A visão liberal de nosso governo passa confiança à economia real, e os empresários começaram a contratar mais.",direita,brasil criou cerca novas vagas trabalho carteira assinada dois primeiros meses ano visão liberal governo passa confiança economia real empresários começaram contratar
"Por anos denunciei a proteção dada ao terrorista, aqui tratado como exilado político. Nas eleições, firmei o compromisso de mandá-lo de volta à Itália para que pagasse por seus crimes. A nova posição do Brasil é um recado ao mundo: não seremos mais o paraíso de bandidos!",direita,anos denunciei proteção dada terrorista aqui tratado exilado político eleições firmei compromisso mandá lo volta itália pagasse crimes nova posição brasil recado mundo paraíso bandidos
"No Brasil as concessões visam combater a corrupção e mudar a economia. Para tal, temos que tirar do Estado o que puder para ser administrado pelo setor privado.",direita,brasil concessões visam combater corrupção mudar economia tal tirar estado puder administrado setor privado
No Brasil as privatizações visam o combate à corrupção bem como a geração de renda e empregos. Seguimos o prometido durante a campanha: tirar do Estado tudo o que puder ser administrado pela iniciativa privada.,direita,brasil privatizações visam combate corrupção bem geração renda empregos seguimos prometido durante campanha tirar estado tudo puder administrado iniciativa privada
"Jornalistas maldosos falaram recentemente em mal estar no mercado gerado pelo governo. Pois bem, a Bolsa de Valores atingiu hoje mais uma marca histórica. As expectativas geradas pelas ações do governo são as melhores e notícias positivas só aparecem. BRASIL ACIMA DE TUDO",direita,jornalistas maldosos falaram recentemente mal mercado gerado governo pois bem bolsa valores atingiu hoje marca histórica expectativas geradas ações governo melhores notícias positivas aparecem brasil acima tudo
Nosso objetivo é claro: queremos o Brasil entre as economias mais livres do mundo!,direita,objetivo claro queremos brasil economias livres mundo
"Importante lembrar que na última semana foi publicado também o decreto 9725/2019, que extingue 21.000 cargos comissionados, funções e gratificações do Poder Executivo. Seguimos com o objetivo de enxugar e otimizar a máquina pública. O exemplo vem de casa!",direita,importante lembrar última semana publicado decreto extingue cargos comissionados funções gratificações poder executivo seguimos objetivo enxugar otimizar máquina pública exemplo vem casa
Brasil e Estados Unidos juntos assustam os defensores do atraso e da tirania ao redor do mundo. Os quem tem medo de parcerias com um país livre e próspero? É o que viemos buscar!,direita,brasil estados unidos juntos assustam defensores atraso tirania redor mundo medo parcerias país livre próspero viemos buscar
"Pela primeira vez em muito tempo, um Presidente brasileiro que não é anti-americano chega a Washington. É o começo de uma parceria pela liberdade e prosperidade, como os brasileiros sempre desejaram.",direita,primeira vez tempo presidente brasileiro anti americano chega washington começo parceria liberdade prosperidade brasileiros sempre desejaram
"A ideia é reduzir esforços de pesca, aumentar o turismo de mergulho e pesca esportiva e criar novos recifes com embarcações naufragadas como já é feito no mundo todo gerando um ambiente de consciência, preservação e empregabilidade natural.",direita,ideia reduzir esforços pesca aumentar turismo mergulho pesca esportiva criar novos recifes embarcações naufragadas feito mundo todo gerando ambiente consciência preservação empregabilidade natural
"Com o trabalho do Ministerio da Ciência e Tecnologia, inauguramos os serviços de telecomunicações da estação brasileira na Antártica. Os cientistas e militares que lá atuam  agora dispõem de internet fixa de alta velocidade, conexão 4G, acesso wi-fi nas instalações e sinal de TV.",direita,trabalho ministerio ciência tecnologia inauguramos serviços telecomunicações estação brasileira antártica cientistas militares lá atuam agora dispõem internet fixa alta velocidade conexão g acesso wi fi instalações sinal tv
"A Nova Previdência define a aposentadoria de políticos nos padrões do INSS, inclui militares e servidores, é mais justa, igualitária e preserva os direitos do trabalhador. Parlamentares têm a chance de fazer história participando deste processo que levará o Brasil à prosperidade!",direita,nova previdência define aposentadoria políticos padrões inss inclui militares servidores justa igualitária preserva direitos trabalhador parlamentares têm chance fazer história participando deste processo levará brasil prosperidade
"Uma das prioridades do nosso governo é quebrar o ciclo da massa hipnotizada comendo migalhas enquanto seus líderes nadam em milhões da corrupção do erário. Infelizmente, é um trabalho duro e demorado, pois ao longo de anos o aparelhamento do estado foi estrategicamente gigantesco",direita,prioridades governo quebrar ciclo massa hipnotizada comendo migalhas enquanto líderes nadam milhões corrupção erário infelizmente trabalho duro demorado pois longo anos aparelhamento estado estrategicamente gigantesco
O ambiente acadêmico com o passar do tempo vem sendo massacrado pela ideologia de esquerda que divide para conquistar e enaltece o socialismo e tripudia o capitalismo. Neste contexto a formação dos cidadãos é esquecida e prioriza-se a conquista dos militantes políticos.,direita,ambiente acadêmico passar tempo vem sendo massacrado ideologia esquerda divide conquistar enaltece socialismo tripudia capitalismo neste contexto formação cidadãos esquecida prioriza conquista militantes políticos
"Tão logo passe o período de chuvas o nosso Exército asfaltará o trecho. Se alguém perguntar porque não fez antes, respondo: os governos anteriores não determinaram, o atual conversou com os Ministros da Defesa e Infraestrutura e resolveram agir. Bom dia a todos",direita,tão logo passe período chuvas exército asfaltará trecho alguém perguntar porque fez antes respondo governos anteriores determinaram atual conversou ministros defesa infraestrutura resolveram agir bom dia todos
"A Lei Rouanet foi usada para cooptar parte dos artistas “famosos” num projeto de Poder. Em meu Governo, sua utilidade será para artistas em início de carreira. Quanto a possibilidade de receber “renomados” que já se beneficiaram da referida, para discuti-la, não passa de piada.",direita,lei rouanet usada cooptar parte artistas “famosos” projeto poder governo utilidade artistas início carreira quanto possibilidade receber “renomados” beneficiaram referida discuti la passa piada
"Tão importante quanto a economia é o resgate de nossa cultura, que foi destruída após décadas de governos com viés socialista. Buscaremos o país da ordem e do progresso. Bom dia a todos!",direita,tão importante quanto economia resgate cultura destruída após décadas governos viés socialista buscaremos país ordem progresso bom dia todos
A agenda globalista mira a divisão de classes. Pessoas divididas e sem valores são facilmente manipuladas. Mudar as diretrizes “educacionais” implementadas ao longo de décadas é uma de nossas metas para impedir o avanço da fábrica de militantes políticos para formarmos cidadãos.,direita,agenda globalista mira divisão classes pessoas divididas valores facilmente manipuladas mudar diretrizes “educacionais” implementadas longo décadas metas impedir avanço fábrica militantes políticos formarmos cidadãos
"Há algo de muito errado acontecendo: as prioridades a serem ensinadas e os recursos aplicados. Para investigar isso, o Ministério da Educação junto com o Ministério da Justiça, Polícia Federal, Advocacia e Controladoria Geral da União, criaram a Lava-Jato da Educação.",direita,algo errado acontecendo prioridades serem ensinadas recursos aplicados investigar ministério educação junto ministério justiça polícia federal advocacia controladoria geral união criaram lava jato educação
"Atendendo aos anseios da nação, assinamos hoje o pacote anticrime, que aperfeiçoa o combate à corrupção, aos crimes organizado e violento. Enviaremos ao Congresso. Os brasileiros terão papel decisivo nos avanços. Conto com vocês na construção de um Brasil mais justo e seguro!",direita,atendendo anseios nação assinamos hoje pacote anticrime aperfeiçoa combate corrupção crimes organizado violento enviaremos congresso brasileiros papel decisivo avanços conto construção brasil justo seguro
"Os direitos trabalhistas como 13º e férias são cláusulas pétreas da Constituição. Somente nova constituite para modifica-los. Estão garantidos independente dos boatos que espalham propositalmente, sempre tentando prejudicar quem não faz parte declaradamente da esquerda .",direita,direitos trabalhistas º férias cláusulas pétreas constituição somente nova constituite modifica los garantidos independente boatos espalham propositalmente sempre tentando prejudicar faz parte declaradamente esquerda
"Assumimos um Brasil ainda em crise em todos os sentidos. Sabemos a dificuldade que é tentar consertar tudo isso. O sistema não desistirá, mas estamos determinados a mudar os rumos do país e fazer diferente dos anteriores, já que são eles os responsáveis pelo que estamos passando.",direita,assumimos brasil ainda crise todos sentidos sabemos dificuldade tentar consertar tudo sistema desistirá determinados mudar rumos país fazer diferente anteriores responsáveis passando
"Estamos fiscalizando recursos, diminuindo gastos, propondo endurecimento penal, previdência. Tudo isso em pouquíssimo tempo. Nossos objetivos são claros: resgatar nossa segurança, fazer a economia crescer novamente e servir a quem realmente manda no país: a população brasileira.",direita,fiscalizando recursos diminuindo gastos propondo endurecimento penal previdência tudo pouquíssimo tempo objetivos claros resgatar segurança fazer economia crescer novamente servir realmente manda país população brasileira
"Além disso, incentivos devem ser direcionados de forma justa, enxuta, transparente e responsável, mas jamais em detrimento das principais demandas de nossa sociedade.",direita,além disso incentivos devem direcionados forma justa enxuta transparente responsável jamais detrimento principais demandas sociedade
"Reconheço o valor da cultura e a necessidade de incentivá-la, mas isso não deve estar a cargo de uma petrolífera estatal. A soma dos patrocínios dos últimos anos passa de R$ 3 BILHÕES. Determinei a reavaliação dos contratos. O Estado tem maiores prioridades.",direita,reconheço valor cultura necessidade incentivá la deve cargo petrolífera estatal soma patrocínios últimos anos passa r bilhões determinei reavaliação contratos estado maiores prioridades
"Nos governos anteriores, esses gastos ultrapassavam centenas de milhões. Era mais uma das muitas fontes de ações escusas dos grupos que estavam no poder, cuja boa parte dos membros está presa. Uma irresponsabilidade em detrimento das reais demandas dos brasileiros e do Estado!",direita,governos anteriores gastos ultrapassavam centenas milhões muitas fontes ações escusas grupos poder cuja boa parte membros presa irresponsabilidade detrimento reais demandas brasileiros estado
"O Ministro da Secretaria de Governo, General Santos Cruz, anunciou o fim do contrato de R$30 milhões/ano com assessoria de imprensa internacional. Além disso, zeramos os custos com propaganda da Caixa e BB neste início de governo e pretendemos encerrar de maneira justa e enxuta!",direita,ministro secretaria governo general santos cruz anunciou fim contrato r milhões ano assessoria imprensa internacional além disso zeramos custos propaganda caixa bb neste início governo pretendemos encerrar maneira justa enxuta
"Muitas falácias sendo usadas a respeito da posse de armas. A pior delas conclui que a iniciativa não resolve o problema da segurança pública. Ignorando o principal propósito, que é “iniciar ” o processo de assegurar o direito inviolável à legítima defesa.",direita,muitas falácias sendo usadas respeito posse armas pior conclui iniciativa resolve problema segurança pública ignorando principal propósito “iniciar ” processo assegurar direito inviolável legítima defesa
"Além das inúmeras iniciativas tomadas nestes primeiros dias de Governo, aumentamos de 3 para 10 anos o prazo para a renovação da posse da arma de fogo e acabamos com a subjetividade para a compra, que sempre foi dificultada ou impossibilitada. Esse é apenas o primeiro passo!",direita,além inúmeras iniciativas tomadas nestes primeiros dias governo aumentamos anos prazo renovação posse arma fogo acabamos subjetividade compra sempre dificultada impossibilitada apenas primeiro passo
"Por muito tempo, coube ao Estado determinar quem tinha ou não direito de defender a si mesmo, à sua família e à sua propriedade. Hoje, respeitando a vontade popular manifestada no referendo de 2005, devolvemos aos cidadãos brasileiros a liberdade de decidir.",direita,tempo coube estado determinar direito defender si família propriedade hoje respeitando vontade popular manifestada referendo devolvemos cidadãos brasileiros liberdade decidir
"A defesa da soberania nacional foi uma das bandeiras de nossa campanha e será uma prioridade do nosso governo. Os brasileiros e os imigrantes que aqui vivem estarão mais seguros com as regras que definiremos por conta própria, sem pressão do exterior.",direita,defesa soberania nacional bandeiras campanha prioridade governo brasileiros imigrantes aqui vivem estarão seguros regras definiremos conta própria pressão exterior
"Jamais recusaremos ajuda aos que precisam, mas a imigração não pode ser indiscriminada. É necessário critérios, buscando a melhor solução de acordo com a realidade de cada país. Se controlamos quem deixamos entrar em nossas casas, por que faríamos diferente com o nosso Brasil?",direita,jamais recusaremos ajuda precisam imigração pode indiscriminada necessário critérios buscando melhor solução acordo realidade cada país controlamos deixamos entrar casas faríamos diferente brasil
"Eles procuram e criam todos os motivos possíveis para estarem sendo rejeitados pela maioria da população, só não citam o verdadeiro: o PT quebrou o Brasil de tanto roubar, deixou a violência tomar proporções de guerra, é uma verdadeira quadrilha e ninguém aguenta mais isso!",direita,procuram criam todos motivos possíveis estarem sendo rejeitados maioria população citam verdadeiro pt quebrou brasil tanto roubar deixou violência tomar proporções guerra verdadeira quadrilha ninguém aguenta
"Haddad, o fantoche do presidiário corrupto, escreve que está na moda um anti-intelectualismo no Brasil. A verdade é que o marmita, como todo petista, fica inventando motivos para a derrota vergonhosa que sofreram nas eleições, mesmo com campanha mais de 30 milhões mais cara.",direita,haddad fantoche presidiário corrupto escreve moda anti intelectualismo brasil verdade marmita todo petista fica inventando motivos derrota vergonhosa sofreram eleições campanha milhões cara
"Murilo Resende, o novo coordenador do Enem é doutor em economia pela FGV e seus estudos deixam claro a  priorização do ensino ignorando a atual promoção da “lacração”, ou seja, enfoque na medição da formação acadêmica e não somente o quanto ele foi doutrinado em salas de aula.",direita,murilo resende novo coordenador enem doutor economia fgv estudos deixam claro priorização ensino ignorando atual promoção “lacração” enfoque medição formação acadêmica somente quanto doutrinado salas aula
Importante sempre que possível frisarmos a necessidade de conversar com seu deputado ou senador da necessidade de se aprovar leis que permitam que as Forças de Segurança Pública possam atuar para efetivamente combatermos os criminosos que aterrorizam os cidadãos de bem no Brasil.,direita,importante sempre possível frisarmos necessidade conversar deputado senador necessidade aprovar leis permitam forças segurança pública possam atuar efetivamente combatermos criminosos aterrorizam cidadãos bem brasil
"O auxílio-reclusão ultrapassa o valor do salário mínimo. Em reunião com Ministros, decidimos que avançaremos nesta questão ignorada quando se trata de reforma da previdência e indevidos. Em cima de muitos detalhes vamos desinchando a máquina e fazendo justiça!",direita,auxílio reclusão ultrapassa valor salário mínimo reunião ministros decidimos avançaremos nesta questão ignorada trata reforma previdência indevidos cima muitos detalhes vamos desinchando máquina fazendo justiça
"Por muito tempo, muitos brasileiros foram usados como massa de manobra. Perderam sua valiosa individualidade para se tornarem objeto e fonte de renda de políticos. A mudança visa libertá-los da escravidão política a fim de devolvê-los o direito de representarem a si mesmos.",direita,tempo muitos brasileiros usados massa manobra perderam valiosa individualidade tornarem objeto fonte renda políticos mudança visa libertá los escravidão política fim devolvê los direito representarem si mesmos
"Não haverá abandono de auxílio a qualquer indivíduo nas diretrizes de Direitos Humanos. A Secretaria Nacional da Família, Secretaria Nacional de Proteção Global e o Conselho Nacional de Combate à Discriminação ficarão responsáveis por este papel.",direita,haverá abandono auxílio qualquer indivíduo diretrizes direitos humanos secretaria nacional família secretaria nacional proteção global conselho nacional combate discriminação ficarão responsáveis papel
"Ministro da Educação desmonta secretaria de diversidade e cria pasta de alfabetização. Formar cidadãos  preparados para o mercado de trabalho. O foco oposto de governos anteriores, que propositalmente investiam na formação de mentes escravas das ideias de dominação socialista.",direita,ministro educação desmonta secretaria diversidade cria pasta alfabetização formar cidadãos preparados mercado trabalho foco oposto governos anteriores propositalmente investiam formação mentes escravas ideias dominação socialista
"Mais de 15% do território nacional é demarcado como terra indígena e quilombolas. Menos de um milhão de pessoas vivem nestes lugares isolados do Brasil de verdade, exploradas e  manipuladas por ONGs. Vamos juntos integrar estes cidadãos e valorizar a todos os brasileiros.",direita,território nacional demarcado terra indígena quilombolas menos milhão pessoas vivem nestes lugares isolados brasil verdade exploradas manipuladas ongs vamos juntos integrar cidadãos valorizar todos brasileiros
"Por decreto pretendemos garantir a POSSE de arma de fogo para o cidadão sem antecedentes criminais, bem como tornar seu registo definitivo.",direita,decreto pretendemos garantir posse arma fogo cidadão antecedentes criminais bem tornar registo definitivo
"O jornal estatal Granma, o único de Cuba, publicou matéria com críticas ao futuro governo. Cuba se alimentou de bilhões de R$ de impostos dos brasileiros em nome do Foro de SP e em detrimento de seus cidadãos. Não convidar seu ditador para minha posse foi mais um de meus acertos.",direita,jornal estatal granma único cuba publicou matéria críticas futuro governo cuba alimentou bilhões r impostos brasileiros nome foro sp detrimento cidadãos convidar ditador posse acertos
"Inúmeras regulamentações em todos os setores que só servem para arrecadação e entraves de desenvolvimento, sem nenhum retorno prático ao cidadão, irão ser revogadas rapidamente em meu governo. Menos interferência do estado significa melhores condições de vida ao Brasileiro.",direita,inúmeras regulamentações todos setores servem arrecadação entraves desenvolvimento nenhum retorno prático cidadão irão revogadas rapidamente governo menos interferência estado significa melhores condições vida brasileiro
"As convergências ministeriais darão o tom de desenvolvimento de nosso país e que foi pautada pela população. Reduzir o estado, desenvolvimento sem entraves de ONGs, acordos comerciais bilaterais já em andamento e mudar a atual pífia linha educacional. Vamos alavancar o Brasil!",direita,convergências ministeriais darão tom desenvolvimento país pautada população reduzir estado desenvolvimento entraves ongs acordos comerciais bilaterais andamento mudar atual pífia linha educacional vamos alavancar brasil
"Ressalto ainda que as regiões Norte e Nordeste terão olhar especial do nosso governo, principalmente pelo grande potencial econômico que possuem. Uma boa tarde a todos!",direita,ressalto ainda regiões norte nordeste olhar especial governo principalmente grande potencial econômico possuem boa tarde todos
"Parabéns ao presidente do Supremo Tribunal Federal por derrubar a liminar que poderia beneficiar dezenas de milhares de presos em segunda instância no Brasil e colocar em risco o bem estar de nossa sociedade, que já sofre diariamente com o caos da violência generalizada!",direita,parabéns presidente supremo tribunal federal derrubar liminar poderia beneficiar dezenas milhares presos segunda instância brasil colocar risco bem sociedade sofre diariamente caos violência generalizada
"Junto aos futuros ministros de Minas e Energia e Agricultura, estamos analisando o potencial de exploração de reservas de potássio, cálcio e magnésio em regiões do nosso país. Hoje, mesmo com as maiores reservas, dependemos de matéria-prima importada para produzir fertilizantes.",direita,junto futuros ministros minas energia agricultura analisando potencial exploração reservas potássio cálcio magnésio regiões país hoje maiores reservas dependemos matéria prima importada produzir fertilizantes
"O poder popular foi substituído por um grupo fechado que usurpava as demandas sociais e assim tomava o controle de tudo, fundado por Lula e Fidel Castro em 1990, conhecido como Foro de São Paulo.",direita,poder popular substituído grupo fechado usurpava demandas sociais assim tomava controle tudo fundado lula fidel castro conhecido foro paulo
"Parabéns aos Policiais Militares de Valença-RJ que salvaram a senhora de 83 anos feita refém por um bandido covarde, ficando mais de 10 minutos com uma arma apontada para sua cabeça. Belo trabalho! A vida do cidadão de bem sempre deve ser prioridade!",direita,parabéns policiais militares valença rj salvaram senhora anos feita refém bandido covarde ficando minutos arma apontada cabeça belo trabalho vida cidadão bem sempre deve prioridade
"Sujeitar automaticamente nosso território, leis e soberania a colocações de outras nações está fora de cogitação. É legítimo que países no mundo defendam seus interesses e estaremos dispostos a dialogar sempre, mas defenderemos os interesses do Brasil e dos brasileiros.",direita,sujeitar automaticamente território leis soberania colocações outras nações cogitação legítimo países mundo defendam interesses estaremos dispostos dialogar sempre defenderemos interesses brasil brasileiros
"Há outros acordos suspeitos claramente inviáveis que reforçam a ideia de que nosso país estava disfarçadamente servindo de fonte de renda de partidos alinhados ideologicamente na America Latina, com nossa soberania dando lugar a uma verdadeira submissão ideológica. Não mais!",direita,outros acordos suspeitos claramente inviáveis reforçam ideia país disfarçadamente servindo fonte renda partidos alinhados ideologicamente america latina soberania dando lugar verdadeira submissão ideológica
"Após Cuba irresponsavelmente retirar-se do Mais Médicos por não aceitar dar liberdade e salário integral aos seus cidadãos, quase 100% das vagas já foram preenchidas por brasileiros. Está claro que o acordo do PT era pretexto para financiar a ditadura membro do foro de São Paulo.",direita,após cuba irresponsavelmente retirar médicos aceitar dar liberdade salário integral cidadãos quase vagas preenchidas brasileiros claro acordo pt pretexto financiar ditadura membro foro paulo
"Para voltarmos a crescer como nação precisamos fazer valer nossa soberania e nossas leis. Devemos respeitar o mundo todo, mas também ser respeitados. Seremos um Brasil amigo, mas que tem seus valores e princípios básicos.",direita,voltarmos crescer nação precisamos fazer valer soberania leis devemos respeitar mundo todo respeitados brasil amigo valores princípios básicos
"Tão importante quanto colocar nomes técnicos à frente da missão de fazer o Brasil crescer, é desfazer o sistema ideológico e burocrático criado conscientemente para frear qualquer tentativa de mudança.",direita,tão importante quanto colocar nomes técnicos frente missão fazer brasil crescer desfazer sistema ideológico burocrático criado conscientemente frear qualquer tentativa mudança
"O turismo associado ao meio ambiente é uma ótima fórmula comprovada para a preservação. A alegação do intocável age em prol de pequenos grupos, sugar a mente de inocentes, encher o bolso de poucos e dominar a grande maioria envolvida, travando o verdadeiro desenvolvimento!",direita,turismo associado meio ambiente ótima fórmula comprovada preservação alegação intocável age prol pequenos grupos sugar mente inocentes encher bolso poucos dominar grande maioria envolvida travando verdadeiro desenvolvimento
"Por muito tempo nossas instituições de ensino foram tomadas por ideologias nocivas e inversão de valores, pessoas que odeiam nossas cores e Hino. Hastear uma bandeira do Brasil não tem relação com política, mas com o orgulho de ser brasileiro e a esperança de tempos melhores.",direita,tempo instituições ensino tomadas ideologias nocivas inversão valores pessoas odeiam cores hino hastear bandeira brasil relação política orgulho brasileiro esperança tempos melhores
"O Brasil gasta pouco no ensino básico em relação ao superior. O alto índice de alunos sem noções mínimas de leitura e escrita nas faculdades reflete esse mau investimento. Vamos priorizar a base, qualificando o ensino para capacitar e formar grandes profissionais no futuro.",direita,brasil gasta pouco ensino básico relação superior alto índice alunos noções mínimas leitura escrita faculdades reflete mau investimento vamos priorizar base qualificando ensino capacitar formar grandes profissionais futuro
"Corte de gastos desnecessários reduzindo o número de estatais e ministérios, indicando, sem pressões de viés sindicalista, nomes técnicos e capacitados, prezando pela eficiência de cada campo. Muito além de fazer, vamos desfazer o sistema falido e corrupto que o PT construiu!",direita,corte gastos desnecessários reduzindo número estatais ministérios indicando pressões viés sindicalista nomes técnicos capacitados prezando eficiência cada campo além fazer vamos desfazer sistema falido corrupto pt construiu
"Combatendo as fraudes em programas sociais, sobra dinheiro para garantir maior renda aos mais necessitados. Descrentralizando recursos, estados e municípios terão maior autonomia financeira para atender as peculiaridades de suas regiões.",direita,combatendo fraudes programas sociais sobra dinheiro garantir maior renda necessitados descrentralizando recursos estados municípios maior autonomia financeira atender peculiaridades regiões
"Ao contrário do que propõem nossos adversários, SOMOS CONTRA QUALQUER TIPO DE CONTROLE SOCIAL DA MÍDIA E INTERNET.",direita,contrário propõem adversários contra qualquer tipo controle social mídia internet
"Sabemos da importância da liberdade de imprensa. Quando cobre os fatos, sem ativismo político e parcialidade, a mídia cumpre seu papel valoroso de informar as pessoas. Apesar do claro aparelhamento, ainda há uma parte que não se rendeu ao sistema e realiza muito bem esta função.",direita,sabemos importância liberdade imprensa cobre fatos ativismo político parcialidade mídia cumpre papel valoroso informar pessoas apesar claro aparelhamento ainda parte rendeu sistema realiza bem função
"Há preconceito quando fala-se em escolas coordenadas por militares, mas já foi mais que provado o sucesso deste modelo. No Amazonas, por exemplo, uma escola localizada em área pobre, dominada pela criminalidade e de baixíssimo desempenho se tornou referência nacional em educação.",direita,preconceito fala escolas coordenadas militares provado sucesso deste modelo amazonas exemplo escola localizada área pobre dominada criminalidade baixíssimo desempenho tornou referência nacional educação
"Os males e prejuízos da corrupção atingem a população de todas as formas. É ela que fica sem leito no hospital, sem segurança nas ruas e sem dinheiro no bolso. É isso que queremos impedir. Um governo corrupto estimula o crime em todas as esferas. Vamos governar pelo exemplo!",direita,males prejuízos corrupção atingem população todas formas fica leito hospital segurança ruas dinheiro bolso queremos impedir governo corrupto estimula crime todas esferas vamos governar exemplo
"A questão ideológica é tão, ou mais grave, que a corrupção no Brasil. São dois males a ser combatido. O desaparelhamento do Estado, e o fim das indicações políticas, é o remédio que temos para salvar o Brasil.",direita,questão ideológica tão grave corrupção brasil dois males combatido desaparelhamento estado fim indicações políticas remédio salvar brasil
"Historicamente são milhares as fraudes no Bolsa Família, que vão de políticos até curioso caso de animal doméstico. São milhões que deixam de chegar às famílias que realmente  precisam, perpetuando a miséria. Garantir a destinação correta já resultará num grande impacto positivo.",direita,historicamente milhares fraudes bolsa família vão políticos curioso caso animal doméstico milhões deixam chegar famílias realmente precisam perpetuando miséria garantir destinação correta resultará grande impacto positivo
"Não é de hoje que falo: não podemos continuar com essa política que busca apoio através de distribuição de cargos, ministérios e diretorias. Esse é um dos principais focos de corrupção e ineficiência do Estado.",direita,hoje falo podemos continuar política busca apoio através distribuição cargos ministérios diretorias principais focos corrupção ineficiência estado
"Estamos presenciando um exemplo prático do que é um país com sua soberania ameaçada. Justiça, investigacões, leis, penas, nada disso tem significado diante desta situação. Parte de nossa missão é justamente garantir essa soberania para que nossas leis sejam devidamente cumpridas!",direita,presenciando exemplo prático país soberania ameaçada justiça investigacões leis penas nada disso significado diante desta situação parte missão justamente garantir soberania leis devidamente cumpridas
"Como já foi falado, reafirmo aqui meu compromisso de extraditar o terrorista Cesare Battisti, amado pela esquerda brasileira, imediatamente em caso de vitória nas eleições. Mostraremos ao mundo nosso total repúdio e empenho no combate ao terrorismo. O Brasil merece respeito!",direita,falado reafirmo aqui compromisso extraditar terrorista cesare battisti amado esquerda brasileira imediatamente caso vitória eleições mostraremos mundo total repúdio empenho combate terrorismo brasil merece respeito
"A independência é o único caminho para ter um governo que atenda às demandas da população, que são em primeiro lugar SEGURANÇA e EMPREGO! Sem estar livre de acordões, tudo que é falado daí em diante não passa de conversa pra boi dormir.",direita,independência único caminho ter governo atenda demandas população primeiro lugar segurança emprego livre acordões tudo falado daí diante passa conversa pra boi dormir
"Quase 40% dos estudantes no ensino superior são analfabetos funcionais. Precisamos redirecionar os jovens para o conhecimento. Ninguém quer saber de aluno sendo doutrinado em sala de aula para se tornar um militante. Queremos bons profissionais, isso que dará retorno à sociedade!",direita,quase estudantes ensino superior analfabetos funcionais precisamos redirecionar jovens conhecimento ninguém quer saber aluno sendo doutrinado sala aula tornar militante queremos bons profissionais dará retorno sociedade
"O acontece em Fortaleza nesta semana e no Brasil como um todo nas últimas décadas é reflexo de um país onde reina a impunidade e a priorização dos vagabundos. É preciso mudar esta mentalidade, não há razão para atender bandido antes do que quer a população: segurança e liberdade.",direita,acontece fortaleza nesta semana brasil todo últimas décadas reflexo país onde reina impunidade priorização vagabundos preciso mudar mentalidade razão atender bandido antes quer população segurança liberdade
"O politicamente correto é uma das táticas da esquerda para fazer o que sempre fizeram em países que implementaram seu plano de poder: aos simpatizantes tudo, aos adversários a forca e à população o controle, a mordaça e nada mais.",direita,politicamente correto táticas esquerda fazer sempre fizeram países implementaram plano poder simpatizantes tudo adversários forca população controle mordaça nada
"O brasileiro respira aliviado com a decisão do STF pela não obrigatoriedade do imposto sindical? Sim, mas ainda é muito pouco para quem trabalha grande parte do ano só para pagar tributos e sustentar a máquina corrupta que não traz retorno algum para nosso país.",direita,brasileiro respira aliviado decisão stf obrigatoriedade imposto sindical sim ainda pouco trabalha grande parte ano pagar tributos sustentar máquina corrupta traz retorno algum país
"Ninguém vê qualquer um desses que me acusam de ser antidemocrático se posicionarem contra o controle da mídia e internet, que, quando livres, ajudam a sustentar a democracia e se tornam uma grande resistência ao plano de poder da esquerda e suas várias faces.",direita,ninguém vê qualquer desses acusam antidemocrático posicionarem contra controle mídia internet livres ajudam sustentar democracia tornam grande resistência plano poder esquerda várias faces
"Ninguém conhece melhor os problemas de uma cidade do que aqueles que nela vivem, por isso é necessário descentralizar o poder que hoje se concentra em Brasília, de modo que governos e prefeituras tenham mais autonomia sob os recursos destinados.",direita,ninguém conhece melhor problemas cidade nela vivem necessário descentralizar poder hoje concentra brasília modo governos prefeituras autonomia sob recursos destinados
"Leis, normas e diretrizes que colocam todos os cidadãos cada dia mais vulneráveis à violência. Somente transformando a cultura da defesa de direitos humanos que defende somente os direitos de quem não era para ter direito é que começaremos o verdadeiro crescimento de nosso país.",direita,leis normas diretrizes colocam todos cidadãos cada dia vulneráveis violência somente transformando cultura defesa direitos humanos defende somente direitos ter direito começaremos verdadeiro crescimento país
"Temos nos empenhado ao máximo na busca de soluções viáveis para nossa economia enfim acontecer, mas de nada adiantará se o cidadão e a cidadã ainda não puderem andar nas ruas sem medo de assalto, estupro, sequestro, e outras barbaridades. É fato: não há liberdade sem segurança!",direita,empenhado máximo busca soluções viáveis economia enfim acontecer nada adiantará cidadão cidadã ainda puderem andar ruas medo assalto estupro sequestro outras barbaridades fato liberdade segurança
"Qualquer política que tenha como consequência a segregação da sociedade, como se os fins justificassem os meios, não receberá nosso apoio. Chega de colocarem pais contra filhos, homens contra mulheres, negros contra brancos. Para o Brasil voltar a crescer, também é preciso união!",direita,qualquer política consequência segregação sociedade fins justificassem meios receberá apoio chega colocarem pais contra filhos homens contra mulheres negros contra brancos brasil voltar crescer preciso união
"A favorita para vencer o pregão das urnas eletrônicas, nada mais é do que a sempre usada em situações suspeitas, SMARTMATIC. Continuamos insistindo para a aplicação da lei do voto impresso desde sua fase embrionária.",direita,favorita vencer pregão urnas eletrônicas nada sempre usada situações suspeitas smartmatic continuamos insistindo aplicação lei voto impresso desde fase embrionária
"O terreno onde há mais esquerdopatas em ação é o twitter. Pessoas com pensamentos diferente deles, têm que se mobilizar e os contrapor com a verdade também nesta rede social. Suas ideias precisam ser combatidas por todos os campos. Certo que o jogo vai virando e logo chegarão lá!",direita,terreno onde esquerdopatas ação twitter pessoas pensamentos diferente têm mobilizar contrapor verdade nesta rede social ideias precisam combatidas todos campos certo jogo vai virando logo chegarão lá
"Defendo o direito à arma pro cidadão de bem e fuzil para o homem do campo se defender do terrorismo. Sou contra o governo controlar mídia e internet. Nem eu nem meus filhos estão envolvidos em corrupção. A diferença entre eu e Lula, antes mesmo da ideologia, está no caráter!",direita,defendo direito arma pro cidadão bem fuzil homem campo defender terrorismo contra governo controlar mídia internet filhos envolvidos corrupção diferença lula antes ideologia caráter
"A esquerda tenta há muito calar a mídia e eu jamais propus tal absurdo. Rouba bilhões e desvia dos brasileiros dando também para ditaduras e países do Foro de SP. A esquerda, nas escolas, diz que o socialismo é o paraíso e o capitalismo é o inferno...e o Bolsonaro que é o perigo?",direita,esquerda tenta calar mídia jamais propus tal absurdo rouba bilhões desvia brasileiros dando ditaduras países foro sp esquerda escolas diz socialismo paraíso capitalismo infernoe bolsonaro perigo
"Queremos negociar com o mundo todo, inclusive com a China. A questão é como esses negócios devem ser feitos: com critérios, respeitando nossa legislação, soberania nacional e autonomia. O Brasil é grande!",direita,queremos negociar mundo todo inclusive china questão negócios devem feitos critérios respeitando legislação soberania nacional autonomia brasil grande
"Parabéns ao primeiro-ministro Shinzo Abe pela vitória nas eleições do Japão, país que temos grande respeito! Se depender de nós, o Brasil estará pronto para uma aproximação cada vez maior!",direita,parabéns primeiro ministro shinzo abe vitória eleições japão país grande respeito depender brasil estará pronto aproximação cada vez maior
Infelizmente a Constituição não permite o trabalho obrigatório para presos. A sociedade não merece sustentar quem a aterroriza diariamente!,direita,infelizmente constituição permite trabalho obrigatório presos sociedade merece sustentar aterroriza diariamente
"Se o marginal não quer perder direitos, que pense 1000 vezes antes de matar ou estuprar alguém. Cadeia também é pra pagar seus erros, não é colônia de férias!",direita,marginal quer perder direitos pense vezes antes matar estuprar alguém cadeia pra pagar erros colônia férias
"A população é que deve ser respeitada pelo preso. Temos cidadãos honestos desempregados vivendo em péssimas condições, priorizar bandido é uma afronta grave à sociedade que sangra nas mãos destes delinquentes.",direita,população deve respeitada preso cidadãos honestos desempregados vivendo péssimas condições priorizar bandido afronta grave sociedade sangra mãos destes delinquentes
"Precisamos de Banco Central independente para definir metas, diminuir juros, reduzir inflação e obter previsibilidade econômica.",direita,precisamos banco central independente definir metas diminuir juros reduzir inflação obter previsibilidade econômica
"Controle da internet mais a regulação da mídia tem principal objetivo de barrar o crescimento de veículos independentes, ou seja, nós!",direita,controle internet regulação mídia principal objetivo barrar crescimento veículos independentes
"Repito: no que depender de mim, propostas para liberar o aborto no Brasil terão o meu veto e o dinheiro dos brasileiros não financiará ONGs que promovem esta prática.",direita,repito depender mim propostas liberar aborto brasil veto dinheiro brasileiros financiará ongs promovem prática
"O brasileiro desta vez tem a opção de escolher alguém que pegue firme contra a violência, a favor do livre mercado, contra o aborto e a doutrinação ideológica na educação, livre de acordões políticos e a favor da redução da maioridade penal. Mudaremos juntos a direção do Brasil!",direita,brasileiro desta vez opção escolher alguém pegue firme contra violência favor livre mercado contra aborto doutrinação ideológica educação livre acordões políticos favor redução maioridade penal mudaremos juntos direção brasil
"Desenvolver a Região Amazônica e prestar serviços ambientais sem agredir a natureza.Grande desafio, para todos nós. Seremos capazes?",direita,desenvolver região amazônica prestar serviços ambientais agredir naturezagrande desafio todos capazes
"Brasil investe em políticas corporativas de Segurança da Informação, sem impedir o livre acesso às redes sociais. Isto é muito positivo.",direita,brasil investe políticas corporativas segurança informação impedir livre acesso redes sociais positivo
A matriz energética do nosso país não pode prescindir das energias solar e eólica. Particularmente na nossa região Nordeste.,direita,matriz energética país pode prescindir energias solar eólica particularmente região nordeste
"É importante o fortalecimento do vínculo entre governo, empresas privadas e mundo acadêmico.",direita,importante fortalecimento vínculo governo empresas privadas mundo acadêmico
A falta de preocupação do setor privado não é uma atitude patriótica e nem inteligente.,direita,falta preocupação setor privado atitude patriótica inteligente
É importante que a iniciativa privada participe da formação de recursos humanos e evite trazer para o Brasil técnicos vindos do exterior.,direita,importante iniciativa privada participe formação recursos humanos evite trazer brasil técnicos vindos exterior
É preciso mais investimentos em educação para que o Brasil possa atender as demandas profissionais que estão por vir com os investimentos...,direita,preciso investimentos educação brasil possa atender demandas profissionais vir investimentos
"Ministério da Economia estuda reduzir impostos de empresas, gerando competitividade interna, empregos, barateamento do produto e competitividade também no exterior, a exemplo de Donald Trump , nos EUA.",direita,ministério economia estuda reduzir impostos empresas gerando competitividade interna empregos barateamento produto competitividade exterior exemplo donald trump eua
"Negar que hoje temos um problema que pode gerar uma catástrofe econômica que afetará a todos, principalmente os mais pobres, seria total irresponsabilidade com a população brasileira. Não queremos mentiras agradáveis! Nosso compromisso é com a verdade!",direita,negar hoje problema pode gerar catástrofe econômica afetará todos principalmente pobres total irresponsabilidade população brasileira queremos mentiras agradáveis compromisso verdade
"Como esperado, uma plataforma de planejamento de viagens mostrou que a procura de estrangeiros interessados em visitar o Brasil já cresceu 36% após anunciarmos a liberação de visto para turistas da Austrália, Estados Unidos, Canadá e Japão. Ganha o nosso turismo e nossa economia!",direita,esperado plataforma planejamento viagens mostrou procura estrangeiros interessados visitar brasil cresceu após anunciarmos liberação visto turistas austrália estados unidos canadá japão ganha turismo economia
"Nos dias 22 de março e 5 de abril serão leiloadas 10 áreas portuárias que trarão investimentos e empregos no setor e em sua capilarização. Os portos são em Vitória (ES), Cabedelo (PB, Vila do Conde e Miramar no (PA) e podem render neste momento inicial na ordem de R$700 milhões.",direita,dias março abril leiloadas áreas portuárias trarão investimentos empregos setor capilarização portos vitória es cabedelo pb vila conde miramar pa podem render neste momento inicial ordem r milhões
Sabemos que uma das principais reclamações do brasileiro é o preço do combustível e temos conversado com os ministérios responsáveis para absorver tal demanda e até poder diversificar. lembro que os estados carrregam consigo enorme responsabilidade na tributação dos combustíveis.,direita,sabemos principais reclamações brasileiro preço combustível conversado ministérios responsáveis absorver tal demanda poder diversificar lembro estados carrregam consigo enorme responsabilidade tributação combustíveis
"Brasil e os EUA assinaram acordo de salvaguardas tecnológicas para permitir o uso comercial do centro de lançamento de Alcântara, no Maranhão. O acordo prevê que os EUA poderão lançar satélites e foguetes da base maranhense. O território continuará sob jurisdição brasileira.",direita,brasil eua assinaram acordo salvaguardas tecnológicas permitir uso comercial centro lançamento alcântara maranhão acordo prevê eua poderão lançar satélites foguetes base maranhense território continuará sob jurisdição brasileira
"Decretamos o estabelecimento de critérios mais rígidos para ocupação de cargos comissionados no Governo. Dentre as novas regras estabelecidas, destaco a inclusão da Lei da Ficha Limpa como critério para contratação de novos servidores. (Decreto 9727/2019).",direita,decretamos estabelecimento critérios rígidos ocupação cargos comissionados governo dentre novas regras estabelecidas destaco inclusão lei ficha limpa critério contratação novos servidores decreto
"Na campanha, firmei o compromisso de enxugar a máquina pública e torná-la eficiente. Assinei decreto que extingue 21.000 cargos comissionados da esfera federal. Economia de quase R$195 MILHÕES de dinheiro público e ainda há muito o que fazer! ESTAMOS CUMPRINDO NOSSA MISSÃO!",direita,campanha firmei compromisso enxugar máquina pública torná la eficiente assinei decreto extingue cargos comissionados esfera federal economia quase r milhões dinheiro público ainda fazer cumprindo missão
"Estima-se que com a aprovação da Nova Previdência serão criados 8 milhões de novos empregos formais, além de garantir os benefícios dos atuais aposentados e aliviar os mais pobres, que pagarão ainda menos do que pagam hoje. Mente quem diz que a proposta beneficia os mais ricos!",direita,estima aprovação nova previdência criados milhões novos empregos formais além garantir benefícios atuais aposentados aliviar pobres pagarão ainda menos pagam hoje mente diz proposta beneficia ricos
Se não ler as notícias é desinformado... se as ler ficará mal informado.,direita,ler notícias desinformado ler ficará mal informado
"No próximo dia 19/03 embarco para os EUA, onde, dentre outros compromissos, me encontrarei com o Presidente Donald Trump . Uma grande oportunidade de retomar os fortes laços entre nossas nações na busca de um ocidente com liberdade e prosperidade. Temos muito a somar!",direita,próximo dia embarco eua onde dentre outros compromissos encontrarei presidente donald trump grande oportunidade retomar fortes laços nações busca ocidente liberdade prosperidade somar
"Os avanços que o Brasil precisa dependem da aprovação da Nova Previdência. É a partir dela que o país terá condições de estabilizar as contas, potencializar investimentos, viabilizar uma rígida reforma tributária e enxugar ainda mais a máquina pública, reduzindo nossas estatais.",direita,avanços brasil precisa dependem aprovação nova previdência partir país condições estabilizar contas potencializar investimentos viabilizar rígida reforma tributária enxugar ainda máquina pública reduzindo estatais
"Como prometido, dando continuidade à obras, objetivamos dar inicio à outras, se assim o orçamento permitir, além de criar dispositivos para que concessões de portos, aeroportos e rodovias possam ser feitos e o Brasil possa prosperar. Este é nosso compromisso.",direita,prometido dando continuidade obras objetivamos dar inicio outras assim orçamento permitir além criar dispositivos concessões portos aeroportos rodovias possam feitos brasil possa prosperar compromisso
"Enquanto acharem que somente escolas educam e que outros fatores puramente sozinhos é que farão o país crescer, o Brasil não evoluirá como gostaríamos. Olavo de Carvalho vem explicando este fenômeno há anos e seus alunos vem deixando um legado. O Brasil tem jeito.",direita,enquanto acharem somente escolas educam outros fatores puramente sozinhos farão país crescer brasil evoluirá gostaríamos olavo carvalho vem explicando fenômeno anos alunos vem deixando legado brasil jeito
"Palavras minhas: é urgente que o Congresso aprecie matérias para que os agentes de segurança pública ou não, usem da letalidade para defender a população, caso precisem e estejam amparados por lei para que possamos resgatar a paz diante do terror que vivemos em todo Brasil.",direita,palavras urgente congresso aprecie matérias agentes segurança pública usem letalidade defender população caso precisem amparados lei possamos resgatar paz diante terror vivemos todo brasil
"Nós estamos mudando o Brasil! Resgatar o crescimento de nossa economia é um dos primeiros passos rumo a prosperidade. Se tudo correr como planejamos, avançando nas mudanças necessárias, o Brasil aumentará consideravelmente seus investimentos. Ganha a população brasileira.",direita,mudando brasil resgatar crescimento economia primeiros passos rumo prosperidade tudo correr planejamos avançando mudanças necessárias brasil aumentará consideravelmente investimentos ganha população brasileira
Dados iniciais revelam indícios muito fortes que a máquina está sendo usada para manutenção de algo que não interessa ao Brasil. Sabemos que isto pode acarretar greves e movimentos coordenados prejudicando o brasileiro. Em breve muito mais informações para o bem de nosso país.,direita,dados iniciais revelam indícios fortes máquina sendo usada manutenção algo interessa brasil sabemos pode acarretar greves movimentos coordenados prejudicando brasileiro breve informações bem país
"Investir em portos é extremamente essencial no dinamismo  e aumento da capacidade de exportações e importações, além de movimentar a empregabilidade e desenvolvimento das regiões citadas.",direita,investir portos extremamente essencial dinamismo aumento capacidade exportações importações além movimentar empregabilidade desenvolvimento regiões citadas
"Há alguns anos, expressar simples opiniões contrárias ao pensamento esquerdista era tabu. Hoje, as posições que predominam na população são propagadas cada vez mais. Que esse movimento continue crescendo e evoluindo!",direita,alguns anos expressar simples opiniões contrárias pensamento esquerdista tabu hoje posições predominam população propagadas cada vez movimento continue crescendo evoluindo
"Descentralização do poder: + Brasil - Brasília. Todos ganham, a população fiscalizadora, os estados e municípios. Esta é a linha de ação do governo federal. Não importa de que partido seja! O momento agora é de união, como ações provadas em tweets anteriores.",direita,descentralização poder brasil brasília todos ganham população fiscalizadora estados municípios linha ação governo federal importa partido momento agora união ações provadas tweets anteriores
"Nenhuma outra proposta de reforma foi tão firme contra privilégios. Está claro no texto da Nova Previdência: quem tem menos, paga menos. É preciso consciência. A mudança é dura, mas necessária. Devemos assegurar o futuro sustentável do Brasil e dos brasileiros. Estamos juntos!",direita,nenhuma outra proposta reforma tão firme contra privilégios claro texto nova previdência menos paga menos preciso consciência mudança dura necessária devemos assegurar futuro sustentável brasil brasileiros juntos
A luta é diária para que deixemos um recado cultural verdadeiro em nosso país. Vamos juntos dando passos largos e jamais esquecendo que o “conhecimento liberta e a doutrinação aprisiona!”,direita,luta diária deixemos recado cultural verdadeiro país vamos juntos dando passos largos jamais esquecendo “conhecimento liberta doutrinação aprisiona”
Diminuição de interferência do estado e dos custos financeiros para os cidadãos são promessas de campanha que vamos cumprindo. Mais notícias como esta já foram anunciadas e continuarão sendo nossas prioridades sempre que possíveis.,direita,diminuição interferência estado custos financeiros cidadãos promessas campanha vamos cumprindo notícias anunciadas continuarão sendo prioridades sempre possíveis
Reintegrar os índios à sociedade levando até a estes condições para que possam se sentir brasileiros e não apenas serem tratados como massa de manobra e divisão do povo para contemplar planos de poder. Temos o povo mais miscigenado do mundo e somos todos iguais!,direita,reintegrar índios sociedade levando condições possam sentir brasileiros apenas serem tratados massa manobra divisão povo contemplar planos poder povo miscigenado mundo todos iguais
"Na próxima terça-feira apresentaremos projeto de lei Anticrime ao Congresso. Elaborado pelo Ministro Sérgio Moro o mesmo visa endurecer as penas contra assassinos, líderes de gangues e corruptos.",direita,próxima terça feira apresentaremos projeto lei anticrime congresso elaborado ministro sérgio moro visa endurecer penas contra assassinos líderes gangues corruptos
"Muito além de investir, devemos garantir que investimentos sejam bem aplicados e gerem resultados. Partindo dessa determinação, o Ministro Professor Ricardo Velez apurou vários indícios de corrupção no âmbito do MEC em gestões passadas. Daremos início à Lava Jato da Educação!",direita,além investir devemos garantir investimentos bem aplicados gerem resultados partindo dessa determinação ministro professor ricardo velez apurou vários indícios corrupção âmbito mec gestões passadas daremos início lava jato educação
"Para maior transparência e melhor empregabilidade do dinheiro público, Informamos que todos os patrocínios da Petrobras estão sob revisão, objetivando enfoque principal dos recursos para a educação infantil e manutenção do empregado à Orquesta Petrobras.",direita,maior transparência melhor empregabilidade dinheiro público informamos todos patrocínios petrobras sob revisão objetivando enfoque principal recursos educação infantil manutenção empregado orquesta petrobras
"Governos passados visavam “negócios” somente pelo lado ideológico, quase destruindo o Brasil. Pela manutenção no poder usavam o dinheiro público patrocinando governos companheiros de formas desinteressantes para nosso país. Sem este viés estamos mudando a direção da nação!",direita,governos passados visavam “negócios” somente lado ideológico quase destruindo brasil manutenção poder usavam dinheiro público patrocinando governos companheiros formas desinteressantes país viés mudando direção nação
"Fomentar o pequeno comércio é um dos meios de se valorizar e expandir culturas regionais, com geração de empregos e crescimento econômico local!",direita,fomentar pequeno comércio meios valorizar expandir culturas regionais geração empregos crescimento econômico local
São cada vez mais positivas as impressões que recebemos. A confiança no futuro do Brasil vem sendo restabelecida através de compromissos sólidos e eficientes para nossa economia. Temos um claro objetivo: colocar nosso país entre os 50 melhores para se fazer negócios no mundo!,direita,cada vez positivas impressões recebemos confiança futuro brasil vem sendo restabelecida através compromissos sólidos eficientes economia claro objetivo colocar país melhores fazer negócios mundo
"Foro de SP consiste no grupo de países e grupos ideologicamente alinhados usando o dinheiro dos cidadãos para a manutenção de seus companheiros no poder em nome do chamam de Pátria Grande Bolivariana. Graças a Deus, a economia e sociedade destes comungados foram deflagrados!",direita,foro sp consiste grupo países grupos ideologicamente alinhados usando dinheiro cidadãos manutenção companheiros poder nome chamam pátria grande bolivariana graças deus economia sociedade destes comungados deflagrados
"Assinamos hoje, Medida Provisória que foca o combate de fraudes no INSS, podendo poupar cerca de R$10 bilhões por ano aos cofres públicos.",direita,assinamos hoje medida provisória foca combate fraudes inss podendo poupar cerca r bilhões ano cofres públicos
"Ligamos hoje para o Presidente da Colômbia, Ivan Duque, para prestar nossa solidariedade diante do atentado terrorista que matou e feriu dezenas de pessoas em Bogotá, além de reiterar o total apoio do Brasil no combate ao terrorismo.",direita,ligamos hoje presidente colômbia ivan duque prestar solidariedade diante atentado terrorista matou feriu dezenas pessoas bogotá além reiterar total apoio brasil combate terrorismo
Estamos acompanhando atentamente a apuração dos fatos. Estendo a mão ao Presidente Ivan Duque e reafirmo o compromisso do Brasil em combater duramente o terrorismo e o crime organizado. Conte conosco!,direita,acompanhando atentamente apuração fatos estendo mão presidente ivan duque reafirmo compromisso brasil combater duramente terrorismo crime organizado conte conosco
"Mostrarei nosso desejo de fazer comércio com o mundo todo, prezando pela liberdade econômica, acordos bilaterais e saúde fiscal. Com esses pilares, o Brasil caminhará na direção do pleno emprego e da prosperidade. Espero trazer boas experiências e avanços ao nosso país!",direita,mostrarei desejo fazer comércio mundo todo prezando liberdade econômica acordos bilaterais saúde fiscal pilares brasil caminhará direção pleno emprego prosperidade espero trazer boas experiências avanços país
"Na próxima semana embarco rumo a Davos, Suíça, para participar do Fórum Econômico Mundial. Estou confiante e feliz com essa grande oportunidade de apresentar a líderes do mundo todo um Brasil diferente, livre das amarras ideológicas e corrupção generalizada.",direita,próxima semana embarco rumo davos suíça participar fórum econômico mundial confiante feliz grande oportunidade apresentar líderes mundo todo brasil diferente livre amarras ideológicas corrupção generalizada
"Marginais, por explosão, derrubaram torre de transmissão sobre a BR 020 no Ceará. Em 24hs nosso Ministro das Minas e Energia providenciou o restabelecimento da rede e desobstrução da rodovia. Com garantia jurídica e tipificação desses atos em terrorismo venceremos essa guerra.",direita,marginais explosão derrubaram torre transmissão sobre br ceará hs ministro minas energia providenciou restabelecimento rede desobstrução rodovia garantia jurídica tipificação desses atos terrorismo venceremos guerra
"- Ao criminoso  não interessa o partido desse ou daquele governador. Hoje ele age no Ceará, amanhã em SP, RS ou GO. - Suas ações, como incendiar, explodir, ... bens públicos ou privados, devem ser tipificados como TERRORISMO. - O PLS 272/2016 do Sen Lasier Martins é louvável.",direita,criminoso interessa partido desse daquele governador hoje age ceará amanhã sp rs go ações incendiar explodir bens públicos privados devem tipificados terrorismo pls sen lasier martins louvável
"A Bolsa de valores atingiu mais uma máxima histórica. O cenário mundial  somou-se ao otimismo no Brasil com o novo governo. Com saúde fiscal e liberdade econômica, vamos resgatar a confiança em nosso país!",direita,bolsa valores atingiu máxima histórica cenário mundial somou otimismo brasil novo governo saúde fiscal liberdade econômica vamos resgatar confiança país
Na gestão anterior a AGU manifestou-se a favor da prisão somente após o esgotamento de todos os recursos. Esse posicionamento será revisto pelo nosso governo em sentido favorável ao cumprimento da pena após condenação em segunda instância. Vamos combater a impunidade!,direita,gestão anterior agu manifestou favor prisão somente após esgotamento todos recursos posicionamento revisto governo sentido favorável cumprimento pena após condenação segunda instância vamos combater impunidade
"Com poucos dias de governo, não só a caixa preta do BNDES, mas de outros órgãos estão sendo levantados e serão divulgados. Muitos contratos foram desfeitos e serão expostos, como o de R$ 44 milhões para criar criptomoeda indígena que foi barrado pela Ministra Damares e outros.",direita,poucos dias governo caixa preta bndes outros órgãos sendo levantados divulgados muitos contratos desfeitos expostos r milhões criar criptomoeda indígena barrado ministra damares outros
"Meliantes se autoagridem para que AUDIÊNCIA DE CUSTÓDIA, na frente do juiz e do policial se vitimizem e digam que tiveram os direitos humanos desrespeitados e então sejam soltos, desmotivando os agentes de segurança, criando o ciclo da impunidade! Juntos, isso tem que mudar!",direita,meliantes autoagridem audiência custódia frente juiz policial vitimizem digam direitos humanos desrespeitados então soltos desmotivando agentes segurança criando ciclo impunidade juntos mudar
"Apesar do Governo do estado do Ceará ser do PT e realizar forte oposição a nós, jamais abandonaríamos o povo cearense neste momento de caos.",direita,apesar governo estado ceará pt realizar forte oposição jamais abandonaríamos povo cearense neste momento caos
"Sem garantias necessárias para os agentes de segurança pública agirem em prol do cidadão de bem, a diminuição dos crimes não vai ocorrer na velocidade que o brasileiro exige. Os poderes legislativo, executivo e judiciário têm que assumir este compromisso urgentemente.",direita,garantias necessárias agentes segurança pública agirem prol cidadão bem diminuição crimes vai ocorrer velocidade brasileiro exige poderes legislativo executivo judiciário têm assumir compromisso urgentemente
"Rapidamente atrairemos investimentos iniciais em torno de R$ 7 bi, com concessões de ferrovia, 12 aeroportos e 4 terminais portuários. Com a confiança do investidor sob condições favoráveis à população resgataremos o desenvolvimento inicial da infraestrutura do Brasil.",direita,rapidamente atrairemos investimentos iniciais torno r bi concessões ferrovia aeroportos terminais portuários confiança investidor sob condições favoráveis população resgataremos desenvolvimento inicial infraestrutura brasil
"Israel é referência mundial em tecnologia para diversos serviços e isso nos interessa. Não há razão para criticar o diálogo, muito menos quando a crítica vem de quem nada fez, só destruiu e roubou o país. Queremos o melhor para o Brasil e para a população brasileira!",direita,israel referência mundial tecnologia diversos serviços interessa razão criticar diálogo menos crítica vem nada fez destruiu roubou país queremos melhor brasil população brasileira
"Em meu governo, que terá início em janeiro de 2019, um PERFIL TÉCNICO ocupará a ANVISA, algo que infelizmente é SECUNDÁRIO diante da importância da Agência. Um órgão que terá o merecido valor para o desenvolvimento da medicina e outras responsabilidades.",direita,governo início janeiro perfil técnico ocupará anvisa algo infelizmente secundário diante importância agência órgão merecido valor desenvolvimento medicina outras responsabilidades
"Países com mais liberdade econômica no mundo possuem taxas baixíssimas de desemprego. Nós seguiremos este rumo. Nós criaremos emprego como nunca! O Norte e o Nordeste crescerão! Sul, Sudeste e Centro-Oeste voltarão a crescer! O Brasil será uma grande nação!",direita,países liberdade econômica mundo possuem taxas baixíssimas desemprego seguiremos rumo criaremos emprego nunca norte nordeste crescerão sul sudeste centro oeste voltarão crescer brasil grande nação
